,Marka,Model,EAN,RAM,Flash,SIMM,Kolor,mgsm,source
1,Samsung,GT-B2710,8806071114118,,,,,,
2,Samsung,GT-S3350,8806071464107,,,,,,
3,MaxCom,MM820,5908235972565,,,,,,
4,Emporia,SolidPlus,9005613115654,,,,,,
5,myPhone,1045 Simply+,5900495230461,,,,,,
6,myPhone,1045 Simply+,5900495222190,,,,,,
7,myPhone,1045 Simply+,5900495222206,,,,,,
8,myPhone,1082 Elegant,5900495222213,,,,,,
9,Alcatel,OT 815D,6958026815822,,,,,,
10,Nokia,105,6438158585133,,,,,,
11,Nokia,Lumia 520,6438158572720,,,,,,
12,Samsung,Galaxy S IV i9505,8806085594784,,,,,,
13,Alcatel,2005D,6958026890621,,,,,,
14,Alcatel,2005D,6958026831693,,,,,,
15,Alcatel,2005D,6958026831907,,,,,,
16,Alcatel,2010,6958026897828,,,,,,
17,Alcatel,2010,6958026897842,,,,,,
18,Nokia,106,6438158619999,,,,,,
19,Sony,Xperia Z1 C6903,7311271436041,,,,,,
20,Apple,iPhone 5s 32GB,885909781744,,,,,,
21,Apple,iPhone 5s 32GB,885909782253,,,,,,
22,Apple,iPhone 5s 32GB,885909781959,,,,,,
23,Apple,iPhone 5s 16GB,885909784462,,,,,,
24,Apple,iPhone 5s 16GB,885909784769,,,,,,
25,Apple,iPhone 5s 16GB,885909785063,,,,,,
26,Samsung,Galaxy Note 3 LTE,8806085827509,,,,,,
27,Samsung,Galaxy Note 3 LTE,8806085827516,,,,,,
28,Alcatel,One Touch Idol Alpha,4894461119915,,,,,,
29,Nokia,108,6438158620124,,,,,,
30,Nokia,108,6438158620155,,,,,,
31,Apple,iPhone 4S 8GB,885909833108,,,,,,
32,Apple,iPhone 4S 8GB,885909833696,,,,,,
33,Alcatel,1060,6958026831457,,,,,,
34,Nokia,Lumia 1320,6438158642447,,,,,,
35,Nokia,Lumia 1320,6438158642430,,,,,,
36,Kruger&Matz,Mist,5901890009539,,,,,,
37,Kruger&Matz,Move,5901436787433,,,,,,
38,Evolveo,StrongPhone Q4,8594161335511,,,,,,
39,Prestigio,MultiPhone 5500 DUO,8595248118607,,,,,,
40,Huawei,Honor 3C,6901443021451,,,,,,
41,Huawei,Honor 3C,6901443021444,,,,,,
42,Alcatel,One Touch Pop C5,4894461063485,,,,,,
43,Alcatel,One Touch Pop C3,4894461158358,,,,,,
44,Alcatel,One Touch Pop C3,4894461158327,,,,,,
45,Alcatel,One Touch 5036D,4894461063478,,,,,,
46,myPhone,One,5900495261212,,,,,,
47,myPhone,One,5900495255846,,,,,,
48,myPhone,One,5900495255853,,,,,,
49,myPhone,One,5900495275875,,,,,,
50,myPhone,Hammer,5900495264459,,,,,,
51,myPhone,Hammer,5900495255518,,,,,,
52,Sony,Xperia Z1 Compact,7311271457633,,,,,,
53,Sony,Xperia Z1 Compact,7311271457619,,,,,,
54,Sony,Xperia Z1 Compact,7311271460053,,,,,,
55,Asus,ZenFone 5,4712900985047,,,,,,
56,CAT,B15,5060280960444,,,,,,
57,CAT,B100,5060280961342,,,,,,
58,CAT,B25,5060280964329,,,,,,
59,CAT,B25,50602809643294,,,,,,
60,Samsung,Galaxy Grand Neo,8806086121750,,,,,,
61,Alcatel,One Touch Pop C9,4894461165448,,,,,,
62,Alcatel,One Touch Pop C9,4894461165479,,,,,,
63,Alcatel,One Touch Pop C7 Dual,4894461099293,,,,,,
64,Alcatel,One Touch Pop C7 Dual,4894461099309,,,,,,
65,HTC,Desire 310,4718487647583,,,,,,
66,Samsung,Galaxy Grand 2 LTE,8806086120883,,,,,,
67,Huawei,Ascend Y530,6920702798910,,,,,,
68,Samsung,GT-S5611,8806085942189,,,,,,
69,Samsung,GT-S5611,8806085942240,,,,,,
70,LG,G2 Mini,8806084951793,,,,,,
71,Samsung,Galaxy S5,8806086142922,,,,,,
72,Samsung,Galaxy S5,8806086184366,,,,,,
73,Samsung,Galaxy S5,8806086268509,,,,,,
74,Samsung,Galaxy S5,8806086157131,,,,,,
75,Sony,Xperia Z2,7311271506034,,,,,,
76,Sony,Xperia Z2,7311271506010,,,,,,
77,Sony,Xperia Z2,7311271506027,,,,,,
78,Nokia,220 Dual SIM,6438158651197,,,,,,
79,Nokia,220 Dual SIM,6438158651258,,,,,,
80,Nokia,220 Dual SIM,6438158651241,,,,,,
81,Nokia,220 Dual SIM,6438158651265,,,,,,
82,Sony,Xperia M2 LTE,7311271462002,,,,,,
83,HTC,Desire 610,4718487649549,,,,,,
84,LG,F70,8806084964342,,,,,,
85,Samsung,Galaxy S III mini VE,8806086083164,,,,,,
86,Samsung,Galaxy S III mini VE,8806086083201,,,,,,
87,Samsung,Galaxy S III mini VE,8806086084604,,,,,,
88,HTC,One M8,4718487646548,,,,,,
89,HTC,One M8,4718487646531,,,,,,
90,myPhone,Cube,5902052860814,,,,,,
91,Yota Devices,YotaPhone Next,4627080310513,,,,,,
92,Gigabyte,Rey R3,4712364758775,,,,,,
93,Wiko,Darkmoon,6943279404381,,,,,,
94,Wiko,Kar 3,6297000512525,,,,,,
95,Nokia,Lumia 630 Dual SIM,6438158658776,,,,,,
96,Nokia,Lumia 630 Dual SIM,6438158658424,,,,,,
97,Nokia,Lumia 930,6438158670624,,,,,,
98,Nokia,Lumia 930,6438158670617,,,,,,
99,Nokia,Lumia 930,6438158714151,,,,,,
100,Nokia,Lumia 930,6438158670600,,,,,,
101,Nokia,Lumia 930,6438158689312,,,,,,
102,Nokia,Lumia 930,6438158714144,,,,,,
103,Nokia,225 Dual SIM,6438158662032,,,,,,
104,Nokia,225 Dual SIM,6438158668386,,,,,,
105,Nokia,225 Dual SIM,6438158662049,,,,,,
106,Wiko,Rainbow,6297000512556,,,,,,
107,Huawei,Ascend Y600 Dual SIM,6901443056347,,,,,,
108,Huawei,Ascend Y600 Dual SIM,6901443056354,,,,,,
109,LG,L65,8806084962744,,,,,,
110,LG,L65,8806084960627,,,,,,
111,MaxCom,MM131,5908235972831,,,,,,
112,Kruger&Matz,Soul,5901890004039,,,,,,
113,HTC,Desire 310 Dual SIM,4718487647576,,,,,,
114,Allview,S6 Style,5948790004875,,,,,,
115,Allview,S6 Style,5948790004851,,,,,,
116,Allview,A5 Smiley,5948790004837,,,,,,
117,Allview,A5 Smiley,5948790004844,,,,,,
118,Allview,A4 You,5948790004813,,,,,,
119,Allview,A4 You,5948790004820,,,,,,
120,Huawei,Ascend P7,6901443004843,,,,,,
121,Huawei,Ascend P7,6901443004836,,,,,,
122,Motorola,Moto E,6947681517806,,,,,,
123,Motorola,Moto E,6947681517790,,,,,,
124,Motorola,Moto G LTE,6947681518728,,,,,,
125,Prestigio,MultiPhone 5507 DUO,8595248127081,,,,,,
126,Prestigio,MultiPhone 5507 DUO,8595248127098,,,,,,
127,Allview,V1 Viper I,5948790005087,,,,,,
128,Allview,V1 Viper I,5948790005797,,,,,,
129,Allview,V1 Viper I,5948790005070,,,,,,
130,Allview,V1 Viper I,5948790005780,,,,,,
131,Allview,V1 Viper I,5948790005773,,,,,,
132,HTC,One mini 2,4718487653607,,,,,,
133,Kazam,Trooper2 6.0,5060370510702,,,,,,
134,Allview,E2 Living,5948790005247,,,,,,
135,Allview,P6 Life,5948790005063,,,,,,
136,Allview,X2 Soul,5948790005681,,,,,,
137,Allview,X2 Soul,5948790005094,,,,,,
138,MaxCom,MM432,5908235972862,,,,,,
139,LG,G3,8806084961037,,,,,,
140,LG,G3,8806084961020,,,,,,
141,LG,G3,8806084958235,,,,,,
142,LG,G3,8806084970138,,,,,,
143,LG,G3,8806084965936,,,,,,
144,Samsung,Galaxy S5 Active,8806086506458,,,,,,
145,Samsung,Galaxy S5 Active,8806086506465,,,,,,
146,MaxCom,MM720,5908235972961,,,,,,
147,Telefunken,Enjoy TE1,5901801900511,,,,,,
148,Telefunken,Live TL1,5901801900474,,,,,,
149,Telefunken,Diamond TD1,5901801900467,,,,,,
150,HTC,One E8,4718487658862,,,,,,
151,MaxCom,MM710,5908235972770,,,,,,
152,Sony,Xperia T3,7311271473541,,,,,,
153,Sony,Xperia T3,7311271473565,,,,,,
154,Sony,Xperia T3,7311271473558,,,,,,
155,Goclever,Quantum 600,5906736067988,,,,,,
156,Goclever,Quantum 600,5906736067995,,,,,,
157,Alcatel,One Touch Idol 2S,4894461137933,,,,,,
158,Alcatel,One Touch Idol 2S,4894461137926,,,,,,
159,Alcatel,One Touch Idol 2 mini S,4894461138060,,,,,,
160,Alcatel,One Touch Idol 2 mini S,4894461138046,,,,,,
161,CAT,B15Q,5060280965463,,,,,,
162,Philips,S308,8712581735708,,,,,,
163,Prestigio,MultiPhone 8500 DUO,8595248125513,,,,,,
164,Samsung,GT-i9301i,8806086576840,,,,,,
165,Samsung,GT-i9301i,8806086296168,,,,,,
166,Samsung,GT-i9301i,8806086576741,,,,,,
167,Huawei,Honor 6,6901443026630,,,,,,
168,Huawei,Honor 6,6901443026623,,,,,,
169,Prestigio,Grace,8595248124608,,,,,,
170,Prestigio,Grace,8595248124622,,,,,,
171,BlackBerry,Passport,802975057481,,,,,,
172,BlackBerry,Classic,802975057962,,,,,,
173,Kazam,Thunder2 5.0,5060370510917,,,,,,
174,Kazam,Thunder2 5.0,5060370510900,,,,,,
175,Samsung,Galaxy S5 mini,8806086358743,,,,,,
176,Samsung,Galaxy S5 mini,8806086358385,,,,,,
177,Samsung,Galaxy S5 mini,8806086358552,,,,,,
178,Samsung,Galaxy S5 mini,8806086358453,,,,,,
179,HTC,One M8 Dual SIM,4718487653102,,,,,,
180,Philips,i908,8712581730857,,,,,,
181,Alcatel,One Touch Pop C2,4894461295336,,,,,,
182,LG,G3 s,8806084968036,,,,,,
183,LG,G3 s,8806084968043,,,,,,
184,LG,G3 s,8806084966971,,,,,,
185,Nokia,Lumia 530 Dual SIM,6438158686601,,,,,,
186,Kazam,TV 4.5,5060370511563,,,,,,
187,BenQ,F5,4718755057588,,,,,,
188,myPhone,Funky,5900495296436,,,,,,
189,MaxCom,MM910 Strong,5908235973074,,,,,,
190,MaxCom,MM910 Strong,5908235973005,,,,,,
191,Prestigio,MultiPhone 5508 DUO,8595248125551,,,,,,
192,Prestigio,Multiphone 5504 DUO,8595248125698,,,,,,
193,Nokia,130 Dual SIM,6438158688834,,,,,,
194,Nokia,130 Dual SIM,6438158688841,,,,,,
195,Nokia,130 Dual SIM,6438158688858,,,,,,
196,Prestigio,MultiPhone 5453 DUO,8595248125742,,,,,,
197,Prestigio,MultiPhone 5453 DUO,8595248125728,,,,,,
198,Prestigio,MultiPhone 5453 DUO,8595248125735,,,,,,
199,Samsung,Galaxy Alpha,8806086380874,,,,,,
200,Samsung,Galaxy Alpha,8806086381710,,,,,,
201,Samsung,Galaxy Alpha,8806086435147,,,,,,
202,Samsung,Galaxy Alpha,8806086383271,,,,,,
203,Allview,X2 Twin,5948790006039,,,,,,
204,Samsung,Galaxy Note 4,8806086473170,,,,,,
205,Samsung,Galaxy Note 4,8806086473163,,,,,,
206,Samsung,Galaxy Note 4,8806086473101,,,,,,
207,Samsung,Galaxy Note 4,8806086473132,,,,,,
208,Lark,Phablet 6.0,1019363,,,,,,
209,Lark,Cirrus 4,5901592830851,,,,,,
210,LG,L Bello,8806084974051,,,,,,
211,LG,L Fino,8806084966926,,,,,,
212,LG,L Fino,8806084965554,,,,,,
213,LG,L50 Sporty,8806084966940,,,,,,
214,Kruger&Matz,Live 2,5901890005128,,,,,,
215,Prestigio,MultiPhone 5505 DUO,8595248122352,,,,,,
216,Prestigio,MultiPhone 5505 DUO,8595248122345,,,,,,
217,Samsung,GT-E1200R,8806086332057,,,,,,
218,Samsung,GT-E1200R,8806086332071,,,,,,
219,Sony,Xperia E3,7311271492184,,,,,,
220,Sony,Xperia E3,7311271492320,,,,,,
221,Sony,Xperia E3,7311271477976,,,,,,
222,Sony,Xperia E3,7311271492160,,,,,,
223,Sony,Xperia Z3 Compact,7311271492054,,,,,,
224,Sony,Xperia Z3 Compact,7311271492061,,,,,,
225,Sony,Xperia Z3 Compact,7311271492085,,,,,,
226,Sony,Xperia Z3 Compact,7311271492078,,,,,,
227,Samsung,Galaxy Note Edge,8806086627429,,,,,,
228,Samsung,Galaxy Note Edge,8806086627467,,,,,,
229,Nokia,Lumia 830,6438158690158,,,,,,
230,Nokia,Lumia 830,6438158690165,,,,,,
231,Nokia,Lumia 830,6438158690141,,,,,,
232,Nokia,Lumia 730 Dual SIM,6438158690097,,,,,,
233,Nokia,Lumia 730 Dual SIM,6438158690073,,,,,,
234,Nokia,Lumia 730 Dual SIM,6438158690066,,,,,,
235,HTC,Desire 820,4718487665242,,,,,,
236,HTC,Desire 820,4718487665235,,,,,,
237,Huawei,Ascend G7,6901443034574,,,,,,
238,Huawei,Ascend G7,6901443035861,,,,,,
239,Huawei,Ascend G7,6901443034819,,,,,,
240,Huawei,Ascend Mate 7,6901443028153,,,,,,
241,Huawei,Ascend Mate 7,6901443028146,,,,,,
242,CAT,S50,5060280965562,,,,,,
243,Motorola,Moto X 2nd Gen,6947681521513,,,,,,
244,Motorola,Moto X 2nd Gen,6947681521988,,,,,,
245,Motorola,Moto G 2nd Gen,6947681519619,,,,,,
246,Sony,Xperia Z3 Dual SIM,7311271501862,,,,,,
247,Sony,Xperia Z3 Dual SIM,7311271501855,,,,,,
248,Sony,Xperia Z3 Dual SIM,7311271501848,,,,,,
249,Allview,V1 Viper e,5948790006336,,,,,,
250,Allview,V1 Viper e,5948790006381,,,,,,
251,BenQ,T3,4718755057571,,,,,,
252,Allview,V1 Viper S4G,5948790006701,,,,,,
253,Allview,V1 Viper S4G,5948790006718,,,,,,
254,Philips,S388,8712581729233,,,,,,
255,Meizu,MX4,6937520003584,,,,,,
256,Meizu,MX4,6937520003492,,,,,,
257,Meizu,MX4,6937520003270,,,,,,
258,Telefunken,Enjoy TE,5901801901051,,,,,,
259,Telefunken,Enjoy TE,5901801901044,,,,,,
260,Telefunken,Enjoy TE,5901801901068,,,,,,
261,Telefunken,Enjoy TE,5901801901037,,,,,,
262,Telefunken,Enjoy TE2,5901801901396,,,,,,
263,Telefunken,Enjoy TE2,5901801901389,,,,,,
264,Telefunken,Live TL2,5901801901365,,,,,,
265,Telefunken,Live TL2,5901801901358,,,,,,
266,Samsung,Metro 312,8806086343350,,,,,,
267,Samsung,Metro 312,8806086343336,,,,,,
268,Lark,Cirrus 5,5901592831162,,,,,,
269,Lark,Cirrus 5,5901592831179,,,,,,
270,myPhone,Luna,5902052860272,,,,,,
271,Apple,iPhone 6,888462039420,,,,,,
272,Apple,iPhone 6,888462062244,,,,,,
273,Apple,iPhone 6,888462062534,,,,,,
274,Apple,iPhone 6,888462062824,,,,,,
275,Apple,iPhone 6 Plus,888462039727,,,,,,
276,Apple,iPhone 6 Plus,888462039123,,,,,,
277,Apple,iPhone 6 64GB,888462064439,,,,,,
278,Apple,iPhone 6 64GB,888462064279,,,,,,
279,Apple,iPhone 6 64GB,888462063982,,,,,,
280,Apple,iPhone 6 128GB,888462063692,,,,,,
281,Apple,iPhone 6 128GB,888462063111,,,,,,
282,Apple,iPhone 6 128GB,888462063401,,,,,,
283,Apple,iPhone 6 Plus 64GB,888462041225,,,,,,
284,Apple,iPhone 6 Plus 64GB,888462041522,,,,,,
285,Apple,iPhone 6 Plus 64GB,888462040921,,,,,,
286,Apple,iPhone 6 Plus 128GB,888462040020,,,,,,
287,Apple,iPhone 6 Plus 128GB,888462040624,,,,,,
288,Apple,iPhone 6 Plus 128GB,888462040327,,,,,,
289,Samsung,Galaxy S5 mini duos,8806086431095,,,,,,
290,Samsung,Galaxy S5 mini duos,8806086431118,,,,,,
291,Samsung,Galaxy S5 mini duos,8806086431071,,,,,,
292,Samsung,Galaxy S5 mini duos,8806086431088,,,,,,
293,HTC,Desire Eye,4718487661626,,,,,,
294,Samsung,Galaxy Core Prime,8806086573481,,,,,,
295,Samsung,Galaxy Core Prime,8806086573474,,,,,,
296,Samsung,Galaxy A5,8806086578950,,,,,,
297,Samsung,Galaxy A5,8806086578875,,,,,,
298,Samsung,Galaxy A5,5907595628181,,,,,,
299,Samsung,Galaxy A5,5907595628174,,,,,,
300,Samsung,Galaxy A5,5907595628204,,,,,,
301,Samsung,Galaxy A5,5907595628198,,,,,,
302,Samsung,Galaxy A5,8806086578271,,,,,,
303,Samsung,Galaxy A5,8806086578387,,,,,,
304,Samsung,Galaxy V,8806086337748,,,,,,
305,Samsung,Galaxy Pocket 2,8806086518567,,,,,,
306,Kruger&Matz,Live 2 LTE,5901890005456,,,,,,
307,Motorola,Nexus 6,6947681522619,,,,,,
308,Motorola,Nexus 6,6947681522626,,,,,,
309,Prestigio,MultiPhone 5517 DUO,8595248124530,,,,,,
310,Huawei,Honor Holly,6901443065448,,,,,,
311,Huawei,Honor Holly,6901443065431,,,,,,
312,Huawei,Honor Holly,6901443049455,,,,,,
313,MaxCom,MM461,5908235973180,,,,,,
314,MaxCom,MM822,5908235972978,,,,,,
315,myPhone,S-line 16GB,5902052861736,,,,,,
316,myPhone,S-line 16GB,5902052861729,,,,,,
317,Honor,6,6901443026623,,,,,,
318,myPhone,H-Smart,5902052860678,,,,,,
319,myPhone,H-Smart,5902052860685,,,,,,
320,myPhone,Fun 3,5902052860531,,,,,,
321,Samsung,Galaxy A3 SM-A3009,8806086509886,,,,,,
322,Samsung,Galaxy A3 SM-A3009,8806086510011,,,,,,
323,Samsung,Galaxy A3 SM-A3009,8806086509459,,,,,,
324,Samsung,Galaxy A3 SM-A3009,8806086569385,,,,,,
325,Manta,Duo Galactic MS6001,5907377863717,,,,,,
326,Kruger&Matz,Soul 2,5901890007184,,,,,,
327,Microsoft,Lumia 535 Dual SIM,6438158702127,,,,,,
328,Microsoft,Lumia 535 Dual SIM,6438158702110,,,,,,
329,Microsoft,Lumia 535 Dual SIM,6438158702134,,,,,,
330,Microsoft,Lumia 535 Dual SIM,6438158702141,,,,,,
331,Huawei,Ascend Y330,6901443004430,,,,,,
332,myPhone,Halo 2,5902052860548,,,,,,
333,myPhone,Halo 2,5902052860555,,,,,,
334,myPhone,Halo 2,5902052862061,,,,,,
335,myPhone,Halo 2,5902052864379,,,,,,
336,myPhone,Halo 2,5902052860548,,,,,,
337,Wiko,Lenny,6297000512648,,,,,,
338,Wiko,Goa,6297000512624,,,,,,
339,Prestigio,MultiPhone 3502 DUO,8595248127067,,,,,,
340,Pentagram,Rebel 4.7,5901443124153,,,,,,
341,Wiko,Sunset,6297000512631,,,,,,
342,Wiko,Bloom,6297000512549,,,,,,
343,Samsung,Galaxy S4 VE,8806086206501,,,,,,
344,Samsung,Galaxy S4 VE,8806086088145,,,,,,
345,HTC,Desire 620G,4718487665037,,,,,,
346,HTC,Desire 620G,4718487665044,,,,,,
347,Huawei,Ascend G620S,6901443030088,,,,,,
348,Goclever,Quantum 400 Lite,5906736069500,,,,,,
349,Manta,MS1701 Vintage,5907377863403,,,,,,
350,Sony,Xperia E4,7311271510222,,,,,,
351,Sony,Xperia E4,7311271510253,,,,,,
352,Honor,6 Plus,6901443056491,,,,,,
353,Honor,6 Plus,6901443056507,,,,,,
354,Honor,6 Plus,6901443056484,,,,,,
355,Allview,P5 Life,5948790006695,,,,,,
356,Allview,P4 Life,5948790006688,,,,,,
357,Samsung,Galaxy A7,8806086926508,,,,,,
358,Samsung,Galaxy A7,8806086926492,,,,,,
359,Samsung,Galaxy A7,8806086926485,,,,,,
360,HTC,Desire 320,4718487660148,,,,,,
361,HTC,Desire 320,4718487660155,,,,,,
362,LG,G Flex2,8806084981103,,,,,,
363,Asus,ZenFone 2 ZE551ML,4712900089141,,,,,,
364,Asus,ZenFone 2 ZE551ML,4712900074758,,,,,,
365,Asus,ZenFone 2 ZE551ML,4712900074819,,,,,,
366,Asus,ZenFone 2 ZE551ML,4712900074727,,,,,,
367,Asus,ZenFone 2 ZE551ML,4712900074802,,,,,,
368,Nokia,215 Dual SIM,6438158711877,,,,,,
369,Nokia,215 Dual SIM,6438158711860,,,,,,
370,Nokia,215 Dual SIM,6438158711884,,,,,,
371,Microsoft,Lumia 435 Dual SIM,6438158715851,,,,,,
372,Microsoft,Lumia 435 Dual SIM,6438158715899,,,,,,
373,Microsoft,Lumia 435 Dual SIM,6438158715929,,,,,,
374,Microsoft,Lumia 532 Dual SIM,6438158715868,,,,,,
375,Microsoft,Lumia 532 Dual SIM,6438158715882,,,,,,
376,Microsoft,Lumia 532 Dual SIM,6438158715875,,,,,,
377,Allview,P6 Energy,5948790006756,,,,,,
378,MaxCom,MM237,5908235973241,,,,,,
379,MaxCom,MS450,5908235973210,,,,,,
380,M-Life,ML0586,5901890019200,,,,,,
381,M-Life,ML0639,5901890007702,,,,,,
382,Allview,M8 Join,5948790007234,,,,,,
383,Allview,M8 Join,5948790007241,,,,,,
384,Samsung,Galaxy Grand Prime,8806086569002,,,,,,
385,Samsung,Galaxy Grand Prime,8806086568999,,,,,,
386,Samsung,Galaxy Core 2,8806086391320,,,,,,
387,Samsung,Galaxy Core 2,8806086391290,,,,,,
388,Asus,ZenFone C ZC451CG,4712900057508,,,,,,
389,Asus,ZenFone C ZC451CG,4712900057089,,,,,,
390,Asus,ZenFone C ZC451CG,4712900057041,,,,,,
391,Modecom,XINO Z46 X4+,5901885242743,,,,,,
392,Wiko,Riff,6297000512785,,,,,,
393,Wiko,Riff,6297000512600,,,,,,
394,Wiko,Lubi 3,6297000512464,,,,,,
395,Samsung,Galaxy J1 Duos,8806086683654,,,,,,
396,Samsung,Galaxy J1 Duos,8806086683760,,,,,,
397,Samsung,Galaxy J1 Duos,8806086683715,,,,,,
398,Sony,Xperia E4g,7311271520863,,,,,,
399,Sony,Xperia E4g,7311271520870,,,,,,
400,Telefunken,Selfie TS2,5901801901310,,,,,,
401,Telefunken,Selfie TS2,5901801901334,,,,,,
402,Telefunken,Selfie TS2,5901801901341,,,,,,
403,Telefunken,Selfie TS2,5901801901327,,,,,,
404,Manta,TEL1703,5907377864745,,,,,,
405,Goclever,Quantum 550,5906736069920,,,,,,
406,Evolveo,StrongPhone D2,8594161335856,,,,,,
407,LG,Spirit,8806084978400,,,,,,
408,LG,Leon,8806084979674,,,,,,
409,LG,Leon,8806084984616,,,,,,
410,HTC,One M9,1062089,,,,,,
411,HTC,One M9,1062087,,,,,,
412,HTC,One M9,4718487671564,,,,,,
413,HTC,One M9,4718487671557,,,,,,
414,Goclever,Insignia 530 LTE,5906736069982,,,,,,
415,myPhone,Infinity LTE,5902052861163,,,,,,
416,myPhone,Infinity LTE,5902052861156,,,,,,
417,myPhone,Infinity 3G,5902052861132,,,,,,
418,myPhone,Infinity 3G,5902052861149,,,,,,
419,Alcatel,One Touch Idol 3,4894461268057,,,,,,
420,Alcatel,One Touch Idol 3 Dual SIM,4894461316345,,,,,,
421,Samsung,Galaxy S6,8806086706704,,,,,,
422,Samsung,Galaxy S6,8806086877091,,,,,,
423,Samsung,Galaxy S6,8806086693158,,,,,,
424,Samsung,Galaxy S6,8806086693165,,,,,,
425,Samsung,Galaxy S6,8806086764452,,,,,,
426,Samsung,Galaxy S6,8806086764674,,,,,,
427,Samsung,Galaxy S6,8806086877039,,,,,,
428,Samsung,Galaxy S6,8806086693080,,,,,,
429,Samsung,Galaxy S6,8806086693219,,,,,,
430,Samsung,Galaxy S6,8806086693264,,,,,,
431,Samsung,Galaxy S6 Edge,8806086853170,,,,,,
432,Samsung,Galaxy S6 Edge,8806086876773,,,,,,
433,Samsung,Galaxy S6 Edge,8806086890373,,,,,,
434,Samsung,Galaxy S6 Edge,8806086842112,,,,,,
435,Samsung,Galaxy S6 Edge,8806086852906,,,,,,
436,Samsung,Galaxy S6 Edge,8806086853248,,,,,,
437,Samsung,Galaxy S6 Edge,8806086842075,,,,,,
438,Samsung,Galaxy S6 Edge,8806086890540,,,,,,
439,Samsung,Galaxy S6 Edge,8806086890335,,,,,,
440,Samsung,Galaxy S6 Edge,8806086877466,,,,,,
441,Samsung,Galaxy S6 Edge,8806086890557,,,,,,
442,Samsung,Galaxy S6 Edge,8806086853163,,,,,,
443,Microsoft,Lumia 640 Dual SIM,6438158723474,,,,,,
444,Microsoft,Lumia 640 Dual SIM,6438158723467,,,,,,
445,Microsoft,Lumia 640 Dual SIM,6438158723443,,,,,,
446,Microsoft,Lumia 640 Dual SIM,6438158723450,,,,,,
447,Microsoft,Lumia 640 XL LTE,6438158727700,,,,,,
448,Microsoft,Lumia 640 XL LTE,6438158726789,,,,,,
449,Microsoft,Lumia 640 XL LTE,6438158726772,,,,,,
450,Microsoft,Lumia 640 LTE,6438158728202,,,,,,
451,Microsoft,Lumia 640 LTE,6438158728196,,,,,,
452,Microsoft,Lumia 640 LTE,6438158728219,,,,,,
453,Microsoft,Lumia 640 LTE,6438158728189,,,,,,
454,Microsoft,Lumia 640 XL Dual SIM,6438158723559,,,,,,
455,Microsoft,Lumia 640 XL Dual SIM,6438158723573,,,,,,
456,Microsoft,Lumia 640 XL Dual SIM,6438158723580,,,,,,
457,Microsoft,Lumia 640 XL Dual SIM,6438158723498,,,,,,
458,Sony,Xperia M4 Aqua,7311271529071,,,,,,
459,Sony,Xperia M4 Aqua,7311271520818,,,,,,
460,Sony,Xperia M4 Aqua,7311271520733,,,,,,
461,Allview,X2 Soul Pro,5948790007623,,,,,,
462,Allview,X2 Soul Pro,5948790007616,,,,,,
463,Wiko,Highway Pure 4G,6943279406316,,,,,,
464,Wiko,Highway Star 4G,6943279406262,,,,,,
465,Kruger&Matz,Flow,5901890011785,,,,,,
466,Kruger&Matz,Drive 2.1,5901436808794,,,,,,
467,Wiko,Ridge 4G,6943279406057,,,,,,
468,Wiko,Ridge Fab 4G,6943279406125,,,,,,
469,Lark,Cirrus 4.5,5901592831155,,,,,,
470,Lark,Stratus 5,5901592831193,,,,,,
471,Lark,Stratus 5,5901592831186,,,,,,
472,Wiko,Highway Signs,6943279405111,,,,,,
473,Wiko,Highway Signs,6943279405081,,,,,,
474,Wiko,Highway Signs,6943279405098,,,,,,
475,Wiko,Highway Signs,6297000512761,,,,,,
476,Samsung,Galaxy Xcover 3,8806086709613,,,,,,
477,Wiko,Getaway,6943279404435,,,,,,
478,Wiko,Rainbow 4G,6943279405258,,,,,,
479,Goclever,Quantum2 500,5906736069968,,,,,,
480,Samsung,Xcover B550,8806086696418,,,,,,
481,Honor,Holly,6901443065448,,,,,,
482,Honor,Holly,6901443065431,,,,,,
483,Honor,Holly,6901443049462,,,,,,
484,Honor,Holly,6901443049455,,,,,,
485,LG,Leon 3G,8806084981271,,,,,,
486,Wiko,Cink Slim 2,6943279403773,,,,,,
487,Wiko,Cink Slim 2,6943279402424,,,,,,
488,HTC,One M8s,4718487671922,,,,,,
489,HTC,One M8s,1062250,,,,,,
490,HTC,One M8s,1062251,,,,,,
491,HTC,One M8s,4718487671939,,,,,,
492,Samsung,Galaxy J5 SM-J500F,8806088119106,,,,,,
493,Samsung,Galaxy J5 SM-J500F,8806088119144,,,,,,
494,Samsung,Galaxy J5 SM-J500F,8806088119182,,,,,,
495,Samsung,Galaxy J5 SM-J500F,8806086946742,,,,,,
496,Samsung,Galaxy J5 SM-J500F,8806086947138,,,,,,
497,Samsung,Galaxy J5 SM-J500F,8806086949132,,,,,,
498,Honor,4C,6901443056583,,,,,,
499,Honor,4C,6901443056590,,,,,,
500,Honor,4X,6901443056309,,,,,,
501,Honor,4X,6901443056316,,,,,,
502,MaxCom,MM901 Neptun,5908235973272,,,,,,
503,MaxCom,MM901 Neptun,5908235973289,,,,,,
504,Motorola,Moto G XT1072,6947681522695,,,,,,
505,Huawei,P8,6901443058907,,,,,,
506,Huawei,P8,6901443058914,,,,,,
507,Huawei,P8,5908265509229,,,,,,
508,Huawei,P8,5908265509236,,,,,,
509,Huawei,P8,5908265509243,,,,,,
510,myPhone,Halo Q,5902983605676,,,,,,
511,Huawei,P8 Lite,6901443058884,,,,,,
512,Huawei,P8 Lite,6901443058891,,,,,,
513,LG,G4,8806084986092,,,,,,
514,LG,G4,8806084986115,,,,,,
515,LG,G4,8806084988850,,,,,,
516,LG,G4,8806084986108,,,,,,
517,LG,G4,1055474,,,,,,
518,LG,G4 Stylus,8806084989222,,,,,,
519,LG,G4c,8806084991133,,,,,,
520,LG,G4c,8806084991140,,,,,,
521,LG,G4c,8806084991126,,,,,,
522,Kruger&Matz,Flow 2,5901890012591,,,,,,
523,Samsung,Galaxy Grand Neo Plus,8806086569545,,,,,,
524,Samsung,Galaxy Grand Neo Plus,8806086569644,,,,,,
525,Samsung,Galaxy Grand Neo Plus,8806086761703,,,,,,
526,Samsung,Galaxy Grand Neo Plus,8806086569583,,,,,,
527,Samsung,Galaxy Grand Neo Plus,8806086569682,,,,,,
528,Sony,Xperia Z3+,7311271524090,,,,,,
529,Sony,Xperia Z3+,7311271524113,,,,,,
530,Sony,Xperia Z3+,7311271524106,,,,,,
531,Sony,Xperia Z3+,7311271524083,,,,,,
532,MaxCom,MM819,5908235973456,,,,,,
533,MaxCom,MM819,5908235973470,,,,,,
534,MaxCom,MM819,5908235973463,,,,,,
535,myPhone,Halo X,5902052861705,,,,,,
536,Meizu,M2 Note,6937520006981,,,,,,
537,Nokia,105 Dual SIM,6438158736108,,,,,,
538,Nokia,105 Dual SIM,6438158736092,,,,,,
539,Telefunken,Vision,5901801901402,,,,,,
540,Kruger&Matz,Drive 3,5901890013505,,,,,,
541,Philips,S309,8712581736194,,,,,,
542,Philips,S309,8712581736200,,,,,,
543,Philips,S309,8712581736187,,,,,,
544,Allview,X2 Xtreme,5948790008453,,,,,,
545,Philips,Xenium E560,8712581736248,,,,,,
546,Alcatel,One Touch Idol 3 4.7,4894461316475,,,,,,
547,Alcatel,One Touch Idol 3 4.7,4894461267890,,,,,,
548,Allview,P6 Qmax,5948790008002,,,,,,
549,Allview,P6 Qmax,5948790007999,,,,,,
550,CAT,B30,5060280967832,,,,,,
551,Honor,7,6901443080861,,,,,,
552,Honor,7,6901443080854,,,,,,
553,Meizu,MX5,6937520005847,,,,,,
554,Honor,7 16 GB,6901443080861,,,,,,
555,be,United 3,6297000512181,,,,,,
556,Goclever,Quantum 450 Lite,5906736069951,,,,,,
557,Goclever,Quantum 500 Lite,5906736069944,,,,,,
558,myPhone,Hammer Axe,5902052862030,,,,,,
559,myPhone,Hammer Axe,5902052862023,,,,,,
560,myPhone,Hammer Axe LTE,5902052862047,,,,,,
561,myPhone,Hammer Axe LTE,5902052862054,,,,,,
562,myPhone,Hammer 2,5902052862122,,,,,,
563,myPhone,Hammer 2,5902052862139,,,,,,
564,myPhone,Hammer 2+,5902052862153,,,,,,
565,myPhone,Hammer 2+,5902052862146,,,,,,
566,Motorola,Moto G 2015,6947681526839,,,,,,
567,Motorola,Moto G 2015,6947681526846,,,,,,
568,Samsung,Galaxy Grand Prime SM-G531F,8806086859097,,,,,,
569,Samsung,Galaxy Grand Prime SM-G531F,8806086858854,,,,,,
570,Samsung,Galaxy Grand Prime SM-G531F,8806086858977,,,,,,
571,Huawei,G8,6901443088102,,,,,,
572,Huawei,G8,6901443088119,,,,,,
573,Motorola,Moto X Play,6947681527683,,,,,,
574,Motorola,Moto X Play,6947681527676,,,,,,
575,Meizu,M2,6937520007315,,,,,,
576,Meizu,M2,6937520007278,,,,,,
577,Meizu,M2,6937520007391,,,,,,
578,Motorola,Moto X Style,6947681527652,,,,,,
579,Motorola,Moto X Style,6947681527669,,,,,,
580,CAT,S40,5060280968877,,,,,,
581,Samsung,Galaxy S5 Neo G903F,8806088046297,,,,,,
582,Samsung,Galaxy S5 Neo G903F,8806088022260,,,,,,
583,Samsung,Galaxy S5 Neo G903F,8806088046358,,,,,,
584,Asus,ZenFone 2 Laser 5.0,4712900219357,,,,,,
585,Asus,ZenFone 2 Laser 5.0,4712900160499,,,,,,
586,Asus,ZenFone 2 Laser 5.0,4712900160505,,,,,,
587,Asus,ZenFone 2 Laser 5.0,4712900160482,,,,,,
588,MaxCom,MS551,5908235973647,,,,,,
589,MaxCom,MS505,5908235973609,,,,,,
590,MaxCom,MM136,5908235973500,,,,,,
591,MaxCom,MM136,5908235973517,,,,,,
592,MaxCom,MM136,5908235973524,,,,,,
593,Asus,ZenFone Go ZC500TG,4712900160451,,,,,,
594,Samsung,Galaxy S6 Edge+,8806086985383,,,,,,
595,Samsung,Galaxy S6 Edge+,8801643000738,,,,,,
596,Samsung,Galaxy S6 Edge+,8806086968119,,,,,,
597,Samsung,Galaxy S6 Edge+,8801643022037,,,,,,
598,Lenovo,Phab Plus,889955602084,,,,,,
599,Lenovo,Phab Plus,889955602190,,,,,,
600,Lenovo,Phab Plus,889955602091,,,,,,
601,Wiko,Rainbow Lite 4G,6943279407016,,,,,,
602,Huawei,Y635,6901443057184,,,,,,
603,Huawei,Y635,6901443057191,,,,,,
604,Wiko,Selfy 4G,6943279407283,,,,,,
605,Wiko,Selfy 4G,6943279407290,,,,,,
606,Wiko,Selfy 4G,6943279406576,,,,,,
607,Coolpad,Porto,6939939609722,,,,,,
608,Coolpad,Porto,6939939609562,,,,,,
609,Coolpad,Modena,6939939609739,,,,,,
610,Coolpad,Modena,6939939609524,,,,,,
611,Coolpad,Modena,6939939609531,,,,,,
612,Samsung,Galaxy S4 mini GT-I9195I,8806085704480,,,,,,
613,Samsung,Galaxy S4 mini GT-I9195I,8806086111386,,,,,,
614,Samsung,Galaxy S4 mini GT-I9195I,8806085704473,,,,,,
615,Samsung,Galaxy Trend 2 Lite,8806086754750,,,,,,
616,Samsung,Galaxy Trend 2 Lite,8806086754859,,,,,,
617,Huawei,Mate S,6901443088232,,,,,,
618,Nokia,222 Dual SIM,6438158743557,,,,,,
619,Nokia,222 Dual SIM,6438158743564,,,,,,
620,Philips,E120,8712581735692,,,,,,
621,Allview,A5 Easy,5948790008330,,,,,,
622,Allview,P8 Energy,5948790008774,,,,,,
623,Allview,P8 Energy,5948790008767,,,,,,
624,Allview,P5 Energy,5948790008569,,,,,,
625,Allview,P5 Energy,5948790008576,,,,,,
626,Sony,Xperia Z5,7311271537038,,,,,,
627,Sony,Xperia Z5,7311271537045,,,,,,
628,Sony,Xperia Z5,7311271537021,,,,,,
629,Sony,Xperia Z5,7311271538257,,,,,,
630,Sony,Xperia Z5,1062820,,,,,,
631,Sony,Xperia Z5,1062801,,,,,,
632,Sony,Xperia Z5,1062821,,,,,,
633,Sony,Xperia Z5,1062800,,,,,,
634,Sony,Xperia Z5 Dual,7311271538240,,,,,,
635,Sony,Xperia Z5 Dual,7311271537977,,,,,,
636,Sony,Xperia Z5 Dual,7311271537885,,,,,,
637,Sony,Xperia Z5 Dual,7311271537922,,,,,,
638,Sony,Xperia Z5 Compact,7311271545774,,,,,,
639,Sony,Xperia Z5 Compact,7311271545750,,,,,,
640,Sony,Xperia Z5 Compact,7311271545781,,,,,,
641,Sony,Xperia Z5 Compact,7311271545835,,,,,,
642,Sony,Xperia Z5 Premium,7311271544289,,,,,,
643,Sony,Xperia Z5 Premium,7311271544302,,,,,,
644,Sony,Xperia Z5 Premium,7311271544272,,,,,,
645,Alcatel,One Touch Go Play,4894461311944,,,,,,
646,Alcatel,One Touch Go Play,4894461311937,,,,,,
647,Alcatel,One Touch Go Play,4894461311807,,,,,,
648,Alcatel,One Touch Go Play,4894461311913,,,,,,
649,Alcatel,One Touch Pixi First,4894461308760,,,,,,
650,Alcatel,One Touch Pixi First,4894461308753,,,,,,
651,Manta,TEL2405,5907377865643,,,,,,
652,Manta,TEL2405,5907377866633,,,,,,
653,Manta,MS2001,5907377863571,,,,,,
654,Manta,MS2002,5907377864431,,,,,,
655,myPhone,L-Line,5902052862375,,,,,,
656,myPhone,L-Line,5902052862382,,,,,,
657,Apple,iPhone 6s,888462600507,,,,,,
658,Apple,iPhone 6s,888462600538,,,,,,
659,Apple,iPhone 6s,888462600477,,,,,,
660,Apple,iPhone 6s Plus,888462602204,,,,,,
661,Apple,iPhone 6s Plus,888462602174,,,,,,
662,Apple,iPhone 6s Plus,888462602235,,,,,,
663,Apple,iPhone 6s Plus,888462602266,,,,,,
664,Apple,iPhone 6s 64 GB,888462600590,,,,,,
665,Apple,iPhone 6s 64 GB,888462600620,,,,,,
666,Apple,iPhone 6s 64 GB,888462600569,,,,,,
667,Apple,iPhone 6s 64 GB,888462600651,,,,,,
668,Apple,iPhone 6s 128 GB,888462600712,,,,,,
669,Apple,iPhone 6s 128 GB,888462600743,,,,,,
670,Apple,iPhone 6s 128 GB,888462600774,,,,,,
671,Apple,iPhone 6s 128 GB,888462600774,,,,,,
672,Apple,iPhone 6s Plus 64 GB,888462602389,,,,,,
673,Apple,iPhone 6s Plus 64 GB,888462602358,,,,,,
674,Apple,iPhone 6s Plus 64 GB,888462602327,,,,,,
675,Apple,iPhone 6s Plus 64 GB,888462602297,,,,,,
676,Apple,iPhone 6s Plus 128 GB,888462602419,,,,,,
677,Apple,iPhone 6s Plus 128 GB,888462602471,,,,,,
678,Apple,iPhone 6s Plus 128 GB,888462602501,,,,,,
679,Apple,iPhone 6s Plus 128 GB,888462602440,,,,,,
680,Apple,iPhone 6s Plus 128 GB,888462600682,,,,,,
681,MaxCom,MM235,5908235973234,,,,,,
682,MaxCom,MM235,5908235973913,,,,,,
683,Telefunken,Inspire,5901801901419,,,,,,
684,Telefunken,Inspire,5901801901426,,,,,,
685,Allview,M7 Stark,5948790008354,,,,,,
686,Alcatel,One Touch Pop 3 5 Dual SIM,4894461295817,,,,,,
687,Samsung,Galaxy Core Prime VE,8806086860284,,,,,,
688,Samsung,Galaxy Core Prime VE,8806086859967,,,,,,
689,Samsung,Galaxy Core Prime VE,8806086860246,,,,,,
690,Wiko,Rainbow Jam 4G,6943279407849,,,,,,
691,Wiko,Rainbow Jam 4G,6943279407887,,,,,,
692,Wiko,Rainbow Jam,6943279407344,,,,,,
693,Wiko,Rainbow Jam,6943279407375,,,,,,
694,MaxCom,MM462,5908235973258,,,,,,
695,LG,Nexus 5X,8806084999535,,,,,,
696,Kruger&Matz,Live 3,5901436818700,,,,,,
697,Kruger&Matz,Live 3,5901436818687,,,,,,
698,Kruger&Matz,Move 3,5901890015882,,,,,,
699,Kruger&Matz,Move 4,5901436818649,,,,,,
700,Kruger&Matz,Drive 4,5901436818694,,,,,,
701,Prestigio,Wize D3,8595248131095,,,,,,
702,BlackBerry,Priv,802975061815,,,,,,
703,CAT,S30,5060280969195,,,,,,
704,Evolveo,StrongPhone X1,8594161335573,,,,,,
705,JCB,Tradesman 2,5060280964725,,,,,,
706,Manta,MS2402,5907377864363,,,,,,
707,Manta,MS2402,5907377864349,,,,,,
708,Manta,TEL2201 QWERTY,5907377864851,,,,,,
709,Manta,Senior Phone Big Light MS1702,5907377864547,,,,,,
710,Manta,Senior Phone Tower TEL1704,5907377864769,,,,,,
711,Microsoft,Lumia 550,6438158745216,,,,,,
712,Microsoft,Lumia 550,6438158745223,,,,,,
713,Microsoft,Lumia 950 XL Dual SIM,6438158745070,,,,,,
714,Microsoft,Lumia 950 XL Dual SIM,6438158745087,,,,,,
715,Microsoft,Lumia 950 XL,6438158745063,,,,,,
716,Microsoft,Lumia 950 XL,6438158745056,,,,,,
717,Microsoft,Lumia 950,6438158745179,,,,,,
718,Microsoft,Lumia 950,6438158745155,,,,,,
719,Microsoft,Lumia 950 Dual SIM,6438158745186,,,,,,
720,Microsoft,Lumia 950 Dual SIM,6438158745162,,,,,,
721,ZTE,Axon mini,6934933095779,,,,,,
722,myPhone,Fun 4,5902052862634,,,,,,
723,myPhone,Fun 4,5902052862641,,,,,,
724,myPhone,MiNi,5902052863495,,,,,,
725,myPhone,Artis,5902052863112,,,,,,
726,myPhone,Cube LTE,5902052862733,,,,,,
727,myPhone,Cube LTE,5902052862726,,,,,,
728,myPhone,Venum,5902052862689,,,,,,
729,myPhone,Venum,5902052862672,,,,,,
730,myPhone,Venum,5902052862658,,,,,,
731,myPhone,Venum,5902052862665,,,,,,
732,HTC,One A9,4718487680825,,,,,,
733,MaxCom,MM238,5908235973623,,,,,,
734,Bluboo,Xtouch,6970595010170,,,,,,
735,Bluboo,Xtouch,6970595010163,,,,,,
736,Goclever,Quantum 2 500 Lite,5906736070698,,,,,,
737,MaxCom,MM428,5908235973630,,,,,,
738,Prestigio,Muze E3,8595248132177,,,,,,
739,Wiko,Fever 4G,6943279408563,,,,,,
740,Wiko,Fever 4G,6943279408556,,,,,,
741,Wiko,Pulp Fab 4G,6943279408174,,,,,,
742,Wiko,Pulp Fab 4G,6943279408198,,,,,,
743,Wiko,Pulp Fab 4G,6943279408204,,,,,,
744,Wiko,Pulp Fab 4G,6943279408211,,,,,,
745,Wiko,Pulp 4G,6943279408426,,,,,,
746,NavRoad,Nexo Smarty,5901597742333,,,,,,
747,NavRoad,Nexo Smarty,5901597742340,,,,,,
748,myPhone,Metro,5902052862474,,,,,,
749,Nokia,230 Dual SIM,6438158753631,,,,,,
750,Nokia,230 Dual SIM,6438158753648,,,,,,
751,LG,G4S Dual,8806084999771,,,,,,
752,Philips,V787,8712581737795,,,,,,
753,Manta,TEL1709,5907377866596,,,,,,
754,Prestigio,Grace S5 LTE,8595248132962,,,,,,
755,Bluboo,Xfire2,6970595000058,,,,,,
756,Sencor,Element P001S,8590669143313,,,,,,
757,Sencor,Element P020,8590669172139,,,,,,
758,MaxCom,MM721,5908235973692,,,,,,
759,Alcatel,Pop 4+,4894461395159,,,,,,
760,Alcatel,Pop 4+,4894461363172,,,,,,
761,myPhone,Funky 8 GB,5902052860883,,,,,,
762,CAT,S60,5060472350015,,,,,,
763,ZTE,Blade V7 Lite,6902176002977,,,,,,
764,MaxCom,MM320,5908235973708,,,,,,
765,MaxCom,MM320,5908235973692,,,,,,
766,MaxCom,MM129,5908235973753,,,,,,
767,Wiko,Tommy,6943279409584,,,,,,
768,Wiko,Tommy,6943279409577,,,,,,
769,Wiko,Tommy,6943279409553,,,,,,
770,Wiko,U Feel Lite,6943279409508,,,,,,
771,Wiko,Fever Special Edition,6943279410733,,,,,,
772,Alcatel,Pop 4S,4894461384993,,,,,,
773,Alcatel,Idol 4,4894461382739,,,,,,
774,ZTE,Blade V580,6934933077935,,,,,,
775,Ulefone,Power,6937748730385,,,,,,
776,Manta,Senior TEL2407,5907377866404,,,,,,
777,Manta,TEL2406,5907377866695,,,,,,
778,Manta,TEL2404,5907377864981,,,,,,
779,Manta,TEL2003 Senior,5907377865469,,,,,,
780,Manta,Senior Phone Glossy TEL1706,5907377865155,,,,,,
781,Manta,TEL1707 Senior,5907377865445,,,,,,
782,Homtom,HT3,6937748731269,,,,,,
783,Homtom,HT3,6937748731276,,,,,,
784,Huawei,Mate S Dual SIM,6901443088225,,,,,,
785,Ulefone,U007,6937748730361,,,,,,
786,MaxCom,Strong MM911,5908235973203,,,,,,
787,MaxCom,Strong MM916,5908235973807,,,,,,
788,MaxCom,Classic MM141,5908235973791,,,,,,
789,MaxCom,Classic MM141,5908235973838,,,,,,
790,MaxCom,Classic MM129,5908235973753,,,,,,
791,Ulefone,Be Pure Lite,6937748730811,,,,,,
792,Kiano,Elegance 5.5,5901821991407,,,,,,
793,Kiano,Elegance 5.5,5901821991308,,,,,,
794,UMI,Plus,6970543490160,,,,,,
795,Apple,iPhone 7,190198066947,,,,,,
796,Apple,iPhone 7,190198067302,,,,,,
797,Apple,iPhone 7,190198067661,,,,,,
798,Apple,iPhone 7,190198068026,,,,,,
799,Apple,iPhone 7 Plus,190198156785,,,,,,
800,Apple,iPhone 7 Plus,190198156068,,,,,,
801,Apple,iPhone 7 Plus,190198156426,,,,,,
802,Apple,iPhone 7 Plus,190198157140,,,,,,
803,MaxCom,Classic MM330 3G,5908235973951,,,,,,
804,MaxCom,Maxcom Strong MM920,5908235974019,,,,,,
805,MaxCom,Maxcom Strong MM920,5908235973937,,,,,,
806,MaxCom,Comfort MM831 3G,5908235973982,,,,,,
807,Homtom,HT10,6937748731450,,,,,,
808,Asus,ZenFone 3 Max ZC553KL,4712900657159,,,,,,
809,Microsoft,Nokia 216 Dual SIM,6438158761575,,,,,,
810,Microsoft,Nokia 216 Dual SIM,6438158761582,,,,,,
811,BlackBerry,DTEK60,802975667994,,,,,,
812,MaxCom,Comfort MM818,5908235973869,,,,,,
813,MaxCom,Comfort MM818,5908235973852,,,,,,
814,myPhone,Halo Easy,5902052866632,,,,,,
815,myPhone,Halo Easy,5902052866625,,,,,,
816,myPhone,Hammer Energy,5902052867448,,,,,,
817,myPhone,Hammer Energy,5902052867455,,,,,,
818,myPhone,Hammer Iron 2,5902052866588,,,,,,
819,myPhone,Hammer Iron 2,5902052866588,,,,,,
820,myPhone,Hammer Iron 2,5902052866595,,,,,,
821,Ulefone,Tiger,6937748730910,,,,,,
822,Ulefone,U007 Pro,6937748730835,,,,,,
823,Ulefone,U007 Pro,6937748730842,,,,,,
824,Ulefone,U007 Pro,6937748730859,,,,,,
825,Kiano,Elegance 5.1,5901821991476,,,,,,
826,Kruger&Matz,Live 4S,5901436823292,,,,,,
827,UMI,Diamond,6970543490238,,,,,,
828,UMI,Diamond,6970543490269,,,,,,
829,UMI,Diamond,6970543490214,,,,,,
830,Philips,Xenium X818,8712581740986,,,,,,
831,myPhone,6310,5902052866540,,,,,,
832,myPhone,6310,5902052866557,,,,,,
833,UMI,Diamond X,6970543490283,,,,,,
834,Asus,ZenFone Go ZB500KG,4712900577785,,,,,,
835,Asus,ZenFone Go ZB500KG,2000000630168,,,,,,
836,Kiano,Elegance 5.1 Pro,5901821991384,,,,,,
837,Nokia,150 Dual SIM,6438158763364,,,,,,
838,Nokia,150 Dual SIM,6438158763371,,,,,,
839,myPhone,Classic,5902052867714,,,,,,
840,UMI,Z,6970543490375,,,,,,
841,Ulefone,Gemini,6937748731122,,,,,,
842,Ulefone,Gemini,6937748731108,,,,,,
843,Posh Mobile,Grace Z3,8595248137653,,,,,,
844,LG,G6,8806087021523,,,,,,
845,Alcatel,A3,4894461455273,,,,,,
846,Alcatel,A5 LED,4894461451770,,,,,,
847,ZTE,Nubia N1 Lite,6902176900570,,,,,,
848,Sony,Xperia XA1 Ultra Dual,7311271586586,,,,,,
849,Sony,Xperia XZ Premium Dual,7311271586456,,,,,,
850,Samsung,Galaxy Xcover 4,8806088680323,,,,,,
851,Nokia,5 Dual SIM,6438409001764,,,,,,
852,Apple,iPhone 6 32GB,190198429186,,,,,,
853,Apple,iPhone 6 32GB,190198429377,,,,,,
854,Huawei,P10 Lite Dual SIM,6901443160655,,,,,,
855,Sony,Xperia L1 Dual SIM,7311271586821,,,,,,
856,Philips,Xenium X588,8712581749156,,,,,,
857,Ulefone,Power 2,2900991495664,,,,,,
858,Samsung,Galaxy S8,8806088717548,,,,,,
859,Samsung,Galaxy S8,8806088717364,,,,,,
860,Samsung,Galaxy S8,8806088717159,,,,,,
861,Samsung,Galaxy S8+,8806088716367,,,,,,
862,Samsung,Galaxy S8+,8806088716091,,,,,,
863,Alcatel,2051,4894461404882,,,,,,
864,Alcatel,2051,4894461404899,,,,,,
865,Huawei,Ascend Mate 7 Dual SIM,6901443043507,,,,,,
866,Nokia,3310 2017 Dual SIM,6438409600387,,,,,,
867,Nokia,3310 2017 Dual SIM,6438409600394,,,,,,
868,Nokia,3310 2017 Dual SIM,6438409602336,,,,,,
869,Huawei,P9 Lite 2017 Dual SIM,6901443168538,,,,,,
870,Doogee,Mix,5901801902799,,,,,,
871,Doogee,Mix,5901801903093,,,,,,
872,Doogee,Mix,5901801902782,,,,,,
873,Motorola,Moto C,723755130975,,,,,,
874,myPhone,Rumba,5902052868926,,,,,,
875,myPhone,Rumba,5902052868933,,,,,,
876,myPhone,Hammer 3,5902052868858,,,,,,
877,myPhone,Hammer 3,5902983600459,,,,,,
878,myPhone,Hammer 3,5902983600466,,,,,,
879,myPhone,Hammer 3+,5902052868865,,,,,,
880,myPhone,Hammer 3+,5902983600510,,,,,,
881,myPhone,Hammer 3+,5902983600497,,,,,,
882,Apple,iPhone 7 128 GB,190198068385,,,,,,
883,Apple,iPhone 7 128 GB,190198068743,,,,,,
884,Apple,iPhone 7 128 GB,190198069108,,,,,,
885,Apple,iPhone 7 128 GB,190198069467,,,,,,
886,Apple,iPhone 7 128 GB,190198069825,,,,,,
887,Apple,iPhone 7 256 GB,190198070548,,,,,,
888,Apple,iPhone 7 Plus 128 GB,190198044068,,,,,,
889,Apple,iPhone 7 Plus 128 GB,190198044785,,,,,,
890,Apple,iPhone 7 Plus 128 GB,190198043702,,,,,,
891,Apple,iPhone 7 Plus 128 GB,190198044426,,,,,,
892,Apple,iPhone 7 Plus 256 GB,190198045508,,,,,,
893,Apple,iPhone 7 Plus 256 GB,190198045867,,,,,,
894,Apple,iPhone 7 Plus 256 GB,190198046949,,,,,,
895,Modecom,Q-502,5901885247489,,,,,,
896,Motorola,Moto E4,6947681557314,,,,,,
897,Motorola,Moto E4,723755013568,,,,,,
898,Motorola,Moto G5S Dual SIM,6947681550384,,,,,,
899,Kiano,Elegance 5.0 Lite,5901821991063,,,,,,
900,Doogee,BL5000,5901801902829,,,,,,
901,Nokia,105 2017,6438409603258,,,,,,
902,Nokia,130 2017,6438409604576,,,,,,
903,Bluboo,S8,6970595010323,,,,,,
904,Ulefone,T1,6937748730743,,,,,,
905,Ulefone,T1,6937748730736,,,,,,
906,Doogee,S60,6924351617202,,,,,,
907,Doogee,S60,6924351617226,,,,,,
908,Doogee,BL7000,6924351617301,,,,,,
909,Doogee,BL7000,6924351617318,,,,,,
910,MaxCom,Smart MS553 LTE,5908235974026,,,,,,
911,BlackBerry,KEYone Limited Edition Black,889063501231,,,,,,
912,LG,V30,2900178600485,,,,,,
913,Sony,Xperia XZ1 Compact,7311271457626,,,,,,
914,CAT,S31 Dual SIM,5060472350886,,,,,,
915,CAT,S41 Dual SIM,5060472350718,,,,,,
916,Alcatel,Idol 5,4894461739007,,,,,,
917,Wiko,View Prime,6943279414526,,,,,,
918,Xiaomi,Mi A1,2900917507402,,,,,,
919,Xiaomi,Mi MIX 2,6954176838742,,,,,,
920,Apple,iPhone 8,190199292437,,,,,,
921,Apple,iPhone 8,190199292109,,,,,,
922,Apple,iPhone 8,2900591272290,,,,,,
923,Apple,iPhone 8,2900810212199,,,,,,
924,Apple,iPhone 8,2900427641276,,,,,,
925,Apple,iPhone 8,2900713227030,,,,,,
926,Apple,iPhone 8,2900287799650,,,,,,
927,Apple,iPhone 8,190198450821,,,,,,
928,Apple,iPhone 8 Plus,190199294233,,,,,,
929,Apple,iPhone 8 Plus,190199293571,,,,,,
930,Apple,iPhone 8 Plus,2900727833982,,,,,,
931,Apple,iPhone 8 Plus,2900473012440,,,,,,
932,Apple,iPhone 8 Plus,2900449561651,,,,,,
933,Apple,iPhone 8 Plus,2900295660850,,,,,,
934,Apple,iPhone 8 Plus,2900366756857,,,,,,
935,Apple,iPhone X,2900691570463,,,,,,
936,Apple,iPhone X,2900997219325,,,,,,
937,Apple,iPhone X,2900243841058,,,,,,
938,Doogee,S30,6924351617813,,,,,,
939,Doogee,S30,6924351617806,,,,,,
940,Doogee,Mix Lite,6924351622909,,,,,,
941,Doogee,Mix Lite,6924351622923,,,,,,
942,myPhone,Twist,5902983600534,,,,,,
943,myPhone,Twist,5902983600541,,,,,,
944,myPhone,Halo Mini 2,5902983600312,,,,,,
945,myPhone,Halo Mini 2,5902983600329,,,,,,
946,Meizu,M6,6937520022264,,,,,,
947,Meizu,M6,6937520022189,,,,,,
948,Doogee,Mix 2,5901801903147,,,,,,
949,Doogee,Mix 2,5901801903178,,,,,,
950,Doogee,Mix 2,5901801903154,,,,,,
951,Doogee,Mix 2,5901801903185,,,,,,
952,Umidigi,Z Pro,6970543490467,,,,,,
953,Umidigi,Z1 Pro,6970543491075,,,,,,
954,Umidigi,Z1 Pro,6970543491068,,,,,,
955,Umidigi,C2,6970543491112,,,,,,
956,Umidigi,S2 Pro,6970543491525,,,,,,
957,Umidigi,S2 Pro,6970543491518,,,,,,
958,Umidigi,C Note,6970543490672,,,,,,
959,Hammer,BOW+,5902983600442,,,,,,
960,Huawei,Mate 10 Lite Dual SIM,6901443199112,,,,,,
961,Huawei,Mate 10 Lite Dual SIM,6901443199129,,,,,,
962,Ulefone,S7,6937748732662,,,,,,
963,Ulefone,S7,6937748732648,,,,,,
964,myPhone,Prime 2,5902983600886,,,,,,
965,Kruger&Matz,Live 5,5901890029575,,,,,,
966,Kruger&Matz,Drive 5,5901890028677,,,,,,
967,myPhone,Fun LTE,5902983600350,,,,,,
968,Hammer,Iron,5902052860678,,,,,,
969,Hammer,Iron,5902052860685,,,,,,
970,Hammer,2,5902052862122,,,,,,
971,Hammer,2,5902052862139,,,,,,
972,Hammer,2+,5902052862153,,,,,,
973,Hammer,2+,5902052862146,,,,,,
974,Hammer,3,5902052868858,,,,,,
975,Hammer,3,5902983600459,,,,,,
976,Hammer,3,5902983600466,,,,,,
977,Hammer,3+,5902052868865,,,,,,
978,Hammer,3+,5902983600510,,,,,,
979,Hammer,3+,5902983600497,,,,,,
980,Hammer,Axe,5902052862030,,,,,,
981,Hammer,Axe,5902052862023,,,,,,
982,Hammer,Axe LTE,5902052862047,,,,,,
983,Hammer,Axe LTE,5902052862054,,,,,,
984,Overmax,Vertis 1820 Easy,5902581653390,,,,,,
985,Philips,S318,8712581748043,,,,,,
986,Doogee,BL12000,5901801903383,,,,,,
987,Gigaset,GS170,4250366851624,,,,,,
988,Xiaomi,Redmi 5,6954176807373,,,,,,
989,MaxCom,Comfort MM824,5908235974118,,,,,,
990,MaxCom,Comfort MM824,5908235974101,,,,,,
991,myPhone,Tango,5902983601760,,,,,,
992,Ulefone,Power 3,5902841225718,,,,,,
993,Huawei,P Smart Dual SIM,6901443211999,,,,,,
994,Philips,Xenium E168,8712581749149,,,,,,
995,Alcatel,3C Dual SIM,4894461752617,,,,,,
996,Alcatel,3C Dual SIM,4894461752631,,,,,,
997,MaxCom,Classic MM236,5908235974071,,,,,,
998,MaxCom,Classic MM236,5908235974088,,,,,,
999,TP-Link,Neffos Y5s,6935364083489,,,,,,
1000,Panasonic,KX-TU329,5025232855087,,,,,,
1001,Umidigi,S2 Lite,6970543491532,,,,,,
1002,Meizu,M6s,6937520023520,,,,,,
1003,Meizu,M6s,6937520023421,,,,,,
1004,Meizu,M6s,6937520023223,,,,,,
1005,Alcatel,5,4894461767291,,,,,,
1006,Ulefone,Power 3S,6937748732273,,,,,,
1007,Doogee,S50,5901801903581,,,,,,
1008,Doogee,S50,5901801903598,,,,,,
1009,Doogee,S50,5901801903567,,,,,,
1010,Doogee,X60L,5901801903314,,,,,,
1011,Doogee,X60L,5901801903321,,,,,,
1012,TP-Link,Neffos C7,6935364083809,,,,,,
1013,TP-Link,Neffos C5A,6935364083984,,,,,,
1014,Doogee,X55,5901801903345,,,,,,
1015,Doogee,X55,5901801903352,,,,,,
1016,General Mobile,GM 8,8699114103176,,,,,,
1017,General Mobile,GM 8,8699114103183,,,,,,
1018,CAT,S61,5060472351128,,,,,,
1019,Ulefone,T1 Premium Edition,6937748731627,,,,,,
1020,Hammer,Energy 18x9,5902983603245,,,,,,
1021,Hammer,Energy 18x9,5902983603238,,,,,,
1022,myPhone,Fun 18x9,5902983602149,,,,,,
1023,myPhone,Fun 18x9,5902983602156,,,,,,
1024,myPhone,Pocket 18x9,5902983602125,,,,,,
1025,myPhone,Pocket 18x9,5902983602132,,,,,,
1026,myPhone,Prime 18x9,5902983602170,,,,,,
1027,myPhone,Prime 18x9,5902983602163,,,,,,
1028,MaxCom,Smart MS457 LTE Strong,5908235974248,,,,,,
1029,MaxCom,Smart MS457 LTE Strong,5908235974255,,,,,,
1030,Nokia,8110 4G Dual SIM,6438409015129,,,,,,
1031,Nokia,8110 4G Dual SIM,6438409015136,,,,,,
1032,Asus,ZenFone 5Z ZS620KL,4718017003032,,,,,,
1033,Asus,ZenFone 5Z ZS620KL,4718017003063,,,,,,
1034,Samsung,Galaxy S9+ Dual SIM,8801643134389,,,,,,
1035,Samsung,Galaxy S9+ Dual SIM,8801643134204,,,,,,
1036,Samsung,Galaxy S9+ Dual SIM,8801643134006,,,,,,
1037,Samsung,Galaxy S9+ Dual SIM,8801643392758,,,,,,
1038,Samsung,Galaxy S9+ Dual SIM,8801643343668,,,,,,
1039,Samsung,Galaxy S9 Dual SIM,8801643129958,,,,,,
1040,Samsung,Galaxy S9 Dual SIM,8801643129859,,,,,,
1041,Samsung,Galaxy S9 Dual SIM,8801643129798,,,,,,
1042,Samsung,Galaxy S9 Dual SIM,8801643347192,,,,,,
1043,Doogee,X50,5901801903451,,,,,,
1044,Doogee,S60 Lite,5901801903550,,,,,,
1045,Alcatel,3 Dual SIM,4894461760568,,,,,,
1046,Alcatel,3 Dual SIM,4894461760575,,,,,,
1047,Alcatel,3 Dual SIM,4894461765211,,,,,,
1048,Alcatel,3V Dual SIM,4894461754499,,,,,,
1049,Alcatel,3V Dual SIM,4894461754512,,,,,,
1050,Alcatel,3V Dual SIM,4894461754505,,,,,,
1051,Asus,ZenFone 5 A501CG,4712900023770,,,,,,
1052,Asus,ZenFone 5 A501CG,4712900023787,,,,,,
1053,Asus,ZenFone 5 A501CG,4716659946083,,,,,,
1054,Huawei,P20 Lite,6901443213313,,,,,,
1055,Huawei,P20 Lite,6901443213320,,,,,,
1056,Huawei,P20 Lite,6901443213337,,,,,,
1057,myPhone,7300,5902983601968,,,,,,
1058,Xiaomi,Redmi Note 5 AI Dual Camera,6941059603207,,,,,,
1059,Xiaomi,Redmi Note 5 AI Dual Camera,6941059603245,,,,,,
1060,Xiaomi,Redmi Note 5 AI Dual Camera,6941059603238,,,,,,
1061,Xiaomi,Redmi Note 5 AI Dual Camera,6941059603214,,,,,,
1062,Xiaomi,Redmi Note 5 AI Dual Camera,6941059603191,,,,,,
1063,Xiaomi,Redmi Note 5 AI Dual Camera,6941059603245,,,,,,
1064,Xiaomi,Redmi Note 5 AI Dual Camera,6941059603221,,,,,,
1065,HTC,Desire 12+,4718487709311,,,,,,
1066,HTC,Desire 12 Dual SIM,4718487708956,,,,,,
1067,Huawei,P20 Pro,6901443214556,,,,,,
1068,Huawei,P20 Pro,6901443213504,,,,,,
1069,Kruger&Matz,Move 8,5901890034104,,,,,,
1070,Kruger&Matz,Move 8,5901890034128,,,,,,
1071,Kruger&Matz,Move 8,5901890034142,,,,,,
1072,Xiaomi,Mi MIX 2S,6941059602309,,,,,,
1073,Xiaomi,Mi MIX 2S,6941059602316,,,,,,
1074,Xiaomi,Mi MIX 2S,6941059603443,,,,,,
1075,Xiaomi,Mi MIX 2S,6941059603436,,,,,,
1076,Huawei,P20,6901443250974,,,,,,
1077,Huawei,P20,6901443250981,,,,,,
1078,Huawei,P20,6901443250998,,,,,,
1079,Huawei,Y7 Prime 2018,6901443225132,,,,,,
1080,Honor,7A AUM-TL00,6901443240586,,,,,,
1081,Blaupunkt,BS 02,5999887068232,,,,,,
1082,Blaupunkt,SL 02,5999887068270,,,,,,
1083,Blaupunkt,SL 01,5999887068256,,,,,,
1084,Blaupunkt,SL 04,5999887068379,,,,,,
1085,Blaupunkt,RS 01,5999887068249,,,,,,
1086,Blaupunkt,FL 01,5990718816480,,,,,,
1087,Blaupunkt,FM 02,5999887068300,,,,,,
1088,Blaupunkt,FM 02,5999887068454,,,,,,
1089,Huawei,Y6 2018,6901443225187,,,,,,
1090,Huawei,Y6 2018,6901443225194,,,,,,
1091,Huawei,Y6 2018,6901443225200,,,,,,
1092,Huawei,Y6 Prime 2018,6901443232147,,,,,,
1093,Huawei,Y6 Prime 2018,6901443232154,,,,,,
1094,Xiaomi,Black Shark,6971409200220,,,,,,
1095,General Mobile,GM 8 Go,8699114103299,,,,,,
1096,General Mobile,GM 8 Go,8699114103282,,,,,,
1097,Honor,10,6901443235414,,,,,,
1098,Honor,10,6901443225019,,,,,,
1099,Honor,10,6901443233106,,,,,,
1100,Honor,10,6901443224982,,,,,,
1101,Honor,10,6901443224999,,,,,,
1102,Honor,10,6901443225002,,,,,,
1103,Ulefone,Armor X,6937748732365,,,,,,
1104,Ulefone,Armor X,6937748732341,,,,,,
1105,MaxCom,Comfort MM750,5908235974279,,,,,,
1106,Ulefone,Armor Mini,6937748732310,,,,,,
1107,Ulefone,Armor Mini,6937748732327,,,,,,
1108,Motorola,Moto E5 Play,723755127005,,,,,,
1109,Motorola,Moto E5 Play,723755126855,,,,,,
1110,Motorola,Moto E5 Plus,723755120365,,,,,,
1111,Asus,Zenfone Max Pro M1,4718017053686,,,,,,
1112,Asus,Zenfone Max Pro M1,4718017127318,,,,,,
1113,Samsung,Galaxy A6 Dual SIM,8801643332617,,,,,,
1114,TP-Link,Neffos C9A,6935364085681,,,,,,
1115,TP-Link,Neffos C9A,6935364085674,,,,,,
1116,TP-Link,Neffos C5s,6935364084288,,,,,,
1117,Huawei,Y5 2018 Dual SIM,6901443229031,,,,,,
1118,Huawei,Y5 2018 Dual SIM,6901443229048,,,,,,
1119,Kruger&Matz,Live 6+,5901890034166,,,,,,
1120,Kruger&Matz,Live 6+,5901890034319,,,,,,
1121,Meizu,M8c,6937520025289,,,,,,
1122,Meizu,M8c,6937520025326,,,,,,
1123,Meizu,M8c,6937520025302,,,,,,
1124,Xiaomi,Redmi S2,6941059603542,,,,,,
1125,Xiaomi,Redmi S2,6941059603535,,,,,,
1126,Xiaomi,Redmi S2,6941059603528,,,,,,
1127,Xiaomi,Redmi S2,6941059610885,,,,,,
1128,HTC,U12+ Dual SIM,4718487710119,,,,,,
1129,Ulefone,X,6937748732235,,,,,,
1130,Ulefone,X,6937748732242,,,,,,
1131,Honor,7s,6901443240371,,,,,,
1132,myPhone,Halo S,5902983602071,,,,,,
1133,myPhone,Halo S,5902983602095,,,,,,
1134,Meizu,M6T,6937520050113,,,,,,
1135,Meizu,M6T,6937520050076,,,,,,
1136,Meizu,M6T,6937520050137,,,,,,
1137,Meizu,M6T,6937520050038,,,,,,
1138,Nokia,5.1,6438409017444,,,,,,
1139,Nokia,5.1,6438409017451,,,,,,
1140,Xiaomi,Mi 8,6941059608837,,,,,,
1141,Xiaomi,Mi 8,6941059608813,,,,,,
1142,Xiaomi,Mi 8,6941059608820,,,,,,
1143,Xiaomi,Mi 8,6941059608806,,,,,,
1144,Xiaomi,Mi 8,6941059613688,,,,,,
1145,Xiaomi,Mi 8,6941059613695,,,,,,
1146,Motorola,Moto Z3 Play,723755126329,,,,,,
1147,BlackBerry,KEY2,4894461772073,,,,,,
1148,myPhone,Prime 18x9 LTE,5902983602187,,,,,,
1149,Motorola,Moto G6 Dual SIM,723755019089,,,,,,
1150,Motorola,Moto G6 Plus Dual SIM,723755019232,,,,,,
1151,Motorola,Moto G6 Plus Dual SIM,723755019157,,,,,,
1152,Xiaomi,Redmi 6,6941059613497,,,,,,
1153,Xiaomi,Redmi 6A,6941059605881,,,,,,
1154,Xiaomi,Redmi 6A,6941059605867,,,,,,
1155,Xiaomi,Redmi 6A,6941059608486,,,,,,
1156,Xiaomi,Redmi 6A,6941059610649,,,,,,
1157,Doogee,X50L,5901801903505,,,,,,
1158,Doogee,X50L,5901801903512,,,,,,
1159,Doogee,X50L,5901801903529,,,,,,
1160,Alcatel,1,4894461774763,,,,,,
1161,Alcatel,1,4894461774787,,,,,,
1162,Alcatel,1,4894461786025,,,,,,
1163,Ulefone,S9 Pro,6937748732471,,,,,,
1164,Ulefone,S9 Pro,6937748732488,,,,,,
1165,Ulefone,S9 Pro,6937748732495,,,,,,
1166,TP-Link,Neffos X9,6935364084523,,,,,,
1167,TP-Link,Neffos X9,6935364084530,,,,,,
1168,Xiaomi,Mi A2,6941059609742,,,,,,
1169,Xiaomi,Mi A2,6941059609759,,,,,,
1170,Xiaomi,Mi A2,6941059609766,,,,,,
1171,Xiaomi,Mi A2,6941059609780,,,,,,
1172,Xiaomi,Mi A2,6941059609797,,,,,,
1173,Xiaomi,Mi A2,6941059609803,,,,,,
1174,Xiaomi,Mi A2,6941059609858,,,,,,
1175,Xiaomi,Mi A2,6941059609889,,,,,,
1176,Nokia,6.1,6438409015013,,,,,,
1177,Nokia,6.1,6438409012869,,,,,,
1178,Sony,Xperia XA2 Plus Dual SIM,7311271619819,,,,,,
1179,Sharp,Aquos C10,4974019975238,,,,,,
1180,Sharp,B10,4974019975221,,,,,,
1181,Nokia,5.1 Plus,6438409022219,,,,,,
1182,Nokia,5.1 Plus,6438409022226,,,,,,
1183,Xiaomi,Mi A2 Lite,6941059608714,,,,,,
1184,Xiaomi,Mi A2 Lite,6941059608738,,,,,,
1185,Xiaomi,Mi A2 Lite,6941059608721,,,,,,
1186,Xiaomi,Mi A2 Lite,6941059608684,,,,,,
1187,Xiaomi,Mi A2 Lite,6941059608707,,,,,,
1188,Xiaomi,Mi A2 Lite,6941059608691,,,,,,
1189,Alcatel,5V,4894461778105,,,,,,
1190,Alcatel,5V,4894461775340,,,,,,
1191,LG,Q7 Dual,8806087033366,,,,,,
1192,Xiaomi,Mi Max 3,6941059609728,,,,,,
1193,Huawei,Nova 3 Dual SIM,6901443240890,,,,,,
1194,Huawei,Nova 3 Dual SIM,6901443240913,,,,,,
1195,Huawei,P Smart+ Dual SIM,6901443251551,,,,,,
1196,Samsung,Galaxy Note 9 Dual SIM,8801643423469,,,,,,
1197,Samsung,Galaxy Note 9 Dual SIM,8801643423872,,,,,,
1198,Samsung,Galaxy Note 9 Dual SIM,8801643423391,,,,,,
1199,Samsung,Galaxy Note 9 Dual SIM,8801643519469,,,,,,
1200,Samsung,Galaxy Note 9 Dual SIM,8801643519506,,,,,,
1201,Samsung,Galaxy Note 9 Dual SIM,8801643519452,,,,,,
1202,Samsung,Galaxy Note 9 Dual SIM,8801643632175,,,,,,
1203,Meizu,16,6937520050281,,,,,,
1204,Meizu,16,6937520050434,,,,,,
1205,Doogee,X70,5901801903888,,,,,,
1206,Doogee,X70,5901801903864,,,,,,
1207,TP-Link,Neffos C7A,6935364084561,,,,,,
1208,TP-Link,Neffos C9,6935364085759,,,,,,
1209,TP-Link,Neffos C9,6935364085766,,,,,,
1210,Huawei,Mate 20 Lite,6901443252534,,,,,,
1211,Huawei,Mate 20 Lite,6901443252541,,,,,,
1212,Huawei,Mate 20 Lite,6901443252558,,,,,,
1213,Huawei,Mate 20 Lite,6901443319480,,,,,,
1214,Huawei,Mate 20 Lite,6901443333905,,,,,,
1215,Xiaomi,Pocophone F1,6941059607779,,,,,,
1216,Xiaomi,Pocophone F1,6941059607786,,,,,,
1217,Xiaomi,Pocophone F1,6941059607861,,,,,,
1218,Xiaomi,Pocophone F1,6941059607878,,,,,,
1219,Xiaomi,Pocophone F1,6941059609940,,,,,,
1220,myPhone,Halo S+,5902983603139,,,,,,
1221,myPhone,Fun 6 Lite,5902983603641,,,,,,
1222,myPhone,Fun 6 Lite,5902983604778,,,,,,
1223,MaxCom,Classic MM134,5908235974439,,,,,,
1224,MaxCom,Classic MM135,5908235974446,,,,,,
1225,Doogee,S70,5901801903666,,,,,,
1226,Doogee,S70,5901801903642,,,,,,
1227,Doogee,S70,5901801903659,,,,,,
1228,Honor,8X,6901443260461,,,,,,
1229,Honor,8X,6901443260416,,,,,,
1230,Honor,8X,6901443260423,,,,,,
1231,Xiaomi,Poco F1,6941059607779,,,,,,
1232,Xiaomi,Poco F1,6941059607786,,,,,,
1233,Xiaomi,Poco F1,6941059607861,,,,,,
1234,Xiaomi,Poco F1,6941059607878,,,,,,
1235,Xiaomi,Poco F1,6941059609940,,,,,,
1236,Kruger&Matz,Iron 2,5901890037860,,,,,,
1237,Kruger&Matz,Iron 2S,5901890037884,,,,,,
1238,LG,G7 Fit,8806087036114,,,,,,
1239,HTC,U12 Life Dual SIM,4718487711901,,,,,,
1240,HTC,U12 Life Dual SIM,4718487711918,,,,,,
1241,Sony,Xperia XZ3 Dual SIM,7311271622079,,,,,,
1242,Sharp,Aquos D10,4974019975245,,,,,,
1243,Hammer,Blade 2 Pro,5902983603931,,,,,,
1244,Apple,iPhone XR,190198771841,,,,,,
1245,Apple,iPhone XR,190198775238,,,,,,
1246,Apple,iPhone XR,190198773203,,,,,,
1247,Apple,iPhone XR,190198773883,,,,,,
1248,Apple,iPhone XR,190198775573,,,,,,
1249,Apple,iPhone XR,190198773548,,,,,,
1250,Apple,iPhone XR,190198771506,,,,,,
1251,Apple,iPhone XR,190198776259,,,,,,
1252,Apple,iPhone XR,190198774224,,,,,,
1253,Apple,iPhone XR,190198772183,,,,,,
1254,Apple,iPhone XR,190198774569,,,,,,
1255,Apple,iPhone XR,190198772527,,,,,,
1256,Apple,iPhone XR,190198770486,,,,,,
1257,Apple,iPhone XR,190198774897,,,,,,
1258,Apple,iPhone XR,190198772862,,,,,,
1259,Apple,iPhone XR,190198770820,,,,,,
1260,Apple,iPhone XR,190198771162,,,,,,
1261,Apple,iPhone XR,190198775917,,,,,,
1262,CAT,B35,5060472351326,,,,,,
1263,Apple,iPhone Xs,190198792983,,,,,,
1264,Apple,iPhone Xs,190198793652,,,,,,
1265,Apple,iPhone Xs,190198792648,,,,,,
1266,Apple,iPhone Xs,190198791627,,,,,,
1267,Apple,iPhone Xs,190198791962,,,,,,
1268,Apple,iPhone Xs,190198790941,,,,,,
1269,Apple,iPhone Xs,190198793317,,,,,,
1270,Apple,iPhone Xs,190198792303,,,,,,
1271,Apple,iPhone Xs,190198791283,,,,,,
1272,Apple,iPhone Xs Max,190198783493,,,,,,
1273,Apple,iPhone Xs Max,190198784513,,,,,,
1274,Apple,iPhone Xs Max,190198785534,,,,,,
1275,Apple,iPhone Xs Max,190198783158,,,,,,
1276,Apple,iPhone Xs Max,190198784179,,,,,,
1277,Apple,iPhone Xs Max,190198785190,,,,,,
1278,Apple,iPhone Xs Max,190198783837,,,,,,
1279,Apple,iPhone Xs Max,190198784858,,,,,,
1280,Apple,iPhone Xs Max,190198785879,,,,,,
1281,Hisense,Infinity H12,6941785710605,,,,,,
1282,Xiaomi,Redmi Note 6 Pro,6941059615040,,,,,,
1283,Xiaomi,Redmi Note 6 Pro,6941059615064,,,,,,
1284,Xiaomi,Redmi Note 6 Pro,6941059615101,,,,,,
1285,Xiaomi,Redmi Note 6 Pro,6941059615118,,,,,,
1286,Xiaomi,Redmi Note 6 Pro,6941059615125,,,,,,
1287,Samsung,Galaxy J4+ Dual SIM,8801643569358,,,,,,
1288,Samsung,Galaxy J4+ Dual SIM,8801643569334,,,,,,
1289,Samsung,Galaxy J4+ Dual SIM,8801643569372,,,,,,
1290,Samsung,Galaxy J6+ Dual SIM,8801643506858,,,,,,
1291,Samsung,Galaxy J6+ Dual SIM,8801643506667,,,,,,
1292,Samsung,Galaxy J6+ Dual SIM,8801643506971,,,,,,
1293,Meizu,16X,6937520051233,,,,,,
1294,Meizu,16X,6937520050465,,,,,,
1295,Meizu,V8,6937520050656,,,,,,
1296,Meizu,V8,6937520050632,,,,,,
1297,Xiaomi,Mi 8 Pro,6941059614418,,,,,,
1298,Meizu,V8 Pro,6937520050595,,,,,,
1299,Meizu,V8 Pro,6937520050762,,,,,,
1300,Meizu,V8 Pro,6937520050571,,,,,,
1301,Meizu,X8,6937520050953,,,,,,
1302,Meizu,X8,6937520050908,,,,,,
1303,Meizu,X8,6937520051004,,,,,,
1304,Samsung,Galaxy A7 2018,8801643512941,,,,,,
1305,Samsung,Galaxy A7 2018,8801643512958,,,,,,
1306,Samsung,Galaxy A7 2018,8801643512743,,,,,,
1307,LG,K11 Dual SIM,8806087033236,,,,,,
1308,LG,K11 Dual SIM,8806087035117,,,,,,
1309,Doogee,S80,5901801903963,,,,,,
1310,Doogee,S80,5908235974460,,,,,,
1311,Kruger&Matz,Live 7,5901890037990,,,,,,
1312,Kruger&Matz,Live 7S,5901890038010,,,,,,
1313,Nokia,7.1 Dual SIM,6438409022981,,,,,,
1314,Nokia,7.1 Dual SIM,6438409022998,,,,,,
1315,Samsung,Galaxy A9,8801643591090,,,,,,
1316,Samsung,Galaxy A9,8801643591069,,,,,,
1317,Samsung,Galaxy A9,8801643590710,,,,,,
1318,myPhone,Maestro,5902983604709,,,,,,
1319,myPhone,Maestro,5902983604723,,,,,,
1320,myPhone,Maestro,5902983604082,,,,,,
1321,Hammer,Patriot,5902983602835,,,,,,
1322,Huawei,Mate 20 Pro Dual SIM,6901443260768,,,,,,
1323,Huawei,Mate 20 Pro Dual SIM,6901443260744,,,,,,
1324,Huawei,Mate 20 Pro Dual SIM,6901443260751,,,,,,
1325,Hisense,Infinity H12 Lite,6941785711412,,,,,,
1326,Hisense,Infinity H12 Lite,6941785711429,,,,,,
1327,Hisense,Infinity H12 Lite,6941785711436,,,,,,
1328,Xiaomi,Mi Mix 3,6941059615835,,,,,,
1329,Xiaomi,Mi Mix 3,6941059615828,,,,,,
1330,Xiaomi,Mi Mix 3,6941059616344,,,,,,
1331,Meizu,Note8,6937520051035,,,,,,
1332,Kruger&Matz,Flow 6,5901890036924,,,,,,
1333,Kruger&Matz,Flow 6,5901890037945,,,,,,
1334,Kruger&Matz,Flow 6 Lite,5901890037921,,,,,,
1335,Kruger&Matz,Flow 6 Lite,5901890036900,,,,,,
1336,Kruger&Matz,Flow 6S,5901890037976,,,,,,
1337,Kruger&Matz,Flow 6S,5901890036948,,,,,,
1338,Honor,10 Lite,6901443272426,,,,,,
1339,Honor,10 Lite,6901443272433,,,,,,
1340,Honor,10 Lite,6901443272419,,,,,,
1341,Huawei,P Smart 2019,6901443272891,,,,,,
1342,Huawei,P Smart 2019,6901443272884,,,,,,
1343,Huawei,P Smart 2019,6901443274253,,,,,,
1344,Doogee,X80,5901801903994,,,,,,
1345,Doogee,X80,5901801904007,,,,,,
1346,Doogee,X80,5901801903987,,,,,,
1347,Doogee,BL5500 Lite,5901801903956,,,,,,
1348,Doogee,BL5500 Lite,5901801903932,,,,,,
1349,Xiaomi,Mi 8 Lite,4907990211231,,,,,,
1350,Xiaomi,Mi 8 Lite,6941059614531,,,,,,
1351,Xiaomi,Mi 8 Lite,6941059614579,,,,,,
1352,Xiaomi,Mi 8 Lite,6941059614630,,,,,,
1353,Asus,ZenFone Max Pro M2,4718017236621,,,,,,
1354,Nokia,8.1,6438409027016,,,,,,
1355,Nokia,8.1,6438409027009,,,,,,
1356,Asus,ZenFone Max M2,4718017218030,,,,,,
1357,Asus,ZenFone Max M2,4718017218061,,,,,,
1358,Kruger&Matz,Move 8 mini,5901890040167,,,,,,
1359,Kruger&Matz,Move 8 mini,5901890040143,,,,,,
1360,Kruger&Matz,Move 8 mini,5901890039680,,,,,,
1361,Kiano,Elegance 6,5901821992732,,,,,,
1362,HTC,Desire 12s,4718487712540,,,,,,
1363,Hammer,Active 2 LTE,5902983605560,,,,,,
1364,Motorola,Moto E5 Dual SIM,723755121911,,,,,,
1365,BlackBerry,KEY2 LE Dual SIM,4894461781624,,,,,,
1366,myPhone,Fun 7 LTE,5902983604099,,,,,,
1367,myPhone,Fun 7 LTE,5902983604938,,,,,,
1368,Doogee,Y7,6924351672027,,,,,,
1369,MaxCom,Smart MS459 Harmony,5908235974538,,,,,,
1370,Alcatel,1C 2019,4894461793269,,,,,,
1371,Hammer,4,5902983604921,,,,,,
1372,Hammer,4,5902983604891,,,,,,
1373,Hammer,4,5902983604914,,,,,,
1374,Redmi,Note 7,6941059627524,,,,,,
1375,Redmi,Note 7,6941059620792,,,,,,
1376,Redmi,Note 7,6941059620648,,,,,,
1377,Redmi,Note 7,6941059620808,,,,,,
1378,Redmi,Note 7,6941059620631,,,,,,
1379,Redmi,Note 7,6941059621010,,,,,,
1380,Redmi,Note 7,6941059621027,,,,,,
1381,Redmi,Note 7,6941059620815,,,,,,
1382,Redmi,Note 7,6941059620983,,,,,,
1383,Redmi,Note 7,6941059620990,,,,,,
1384,Redmi,Note 7,6941059621003,,,,,,
1385,MaxCom,MK241 4G,5908235974804,,,,,,
1386,Honor,View 20,6901443274765,,,,,,
1387,Honor,View 20,6901443274772,,,,,,
1388,MaxCom,Comfort MM471,5908235974811,,,,,,
1389,MaxCom,Comfort MM471,5908235974828,,,,,,
1390,MaxCom,Comfort MM817,5908235974484,,,,,,
1391,MaxCom,Comfort MM817,5908235974477,,,,,,
1392,MaxCom,Comfort MM36D,5908235974668,,,,,,
1393,Redmi,Go,6941059620600,,,,,,
1394,Huawei,Y7 2019,6901443274802,,,,,,
1395,Huawei,Y7 2019,6901443274789,,,,,,
1396,Huawei,Y7 2019,6901443274796,,,,,,
1397,TP-Link,Neffos C5 Plus,6935364086046,,,,,,
1398,TP-Link,Neffos C5 Plus,6935364085926,,,,,,
1399,TP-Link,Neffos C5 Plus,6935364086077,,,,,,
1400,Motorola,Moto G7 Plus,723755134317,,,,,,
1401,Motorola,Moto G7 Plus,723755130319,,,,,,
1402,myPhone,Halo Q+,5902983604310,,,,,,
1403,Hammer,4+,5902983604907,,,,,,
1404,Hammer,Active 2,5902983605577,,,,,,
1405,Hammer,Active 2,5902983605584,,,,,,
1406,Motorola,Moto G7 Dual SIM,723755130234,,,,,,
1407,Motorola,Moto G7 Power Dual SIM,723755130364,,,,,,
1408,Motorola,Moto G7 Play Dual SIM,723755130371,,,,,,
1409,MaxCom,Comfort MM825,5908235974491,,,,,,
1410,Hammer,Patriot+,5902983606024,,,,,,
1411,Huawei,Y6 2019,6901443279401,,,,,,
1412,Huawei,Y6 2019,6901443279418,,,,,,
1413,Huawei,Y6 2019,6901443279395,,,,,,
1414,Archos,Oxygen 68XL,690590038059,,,,,,
1415,Archos,Oxygen 63,690590038035,,,,,,
1416,Archos,Oxygen 57,690590038011,,,,,,
1417,Xiaomi,Mi 9,6941059619406,,,,,,
1418,Xiaomi,Mi 9,6941059619413,,,,,,
1419,Xiaomi,Mi 9,6941059619437,,,,,,
1420,Xiaomi,Mi 9,6941059619420,,,,,,
1421,Xiaomi,Mi 9,6941059621355,,,,,,
1422,Xiaomi,Mi 9 SE,6941059622352,,,,,,
1423,Xiaomi,Mi 9 SE,6941059622482,,,,,,
1424,Samsung,Galaxy S10 Dual SIM,8801643695767,,,,,,
1425,Samsung,Galaxy S10 Dual SIM,8801643796129,,,,,,
1426,Samsung,Galaxy S10 Dual SIM,8801643796112,,,,,,
1427,Samsung,Galaxy S10 Dual SIM,8801643796204,,,,,,
1428,Samsung,Galaxy S10 Dual SIM,8801643695750,,,,,,
1429,Samsung,Galaxy S10 Dual SIM,8801643695774,,,,,,
1430,Samsung,Galaxy S10+ Dual SIM,8801643697075,,,,,,
1431,Samsung,Galaxy S10+ Dual SIM,8801643697082,,,,,,
1432,Samsung,Galaxy S10+ Dual SIM,8801643697020,,,,,,
1433,Samsung,Galaxy S10+ Dual SIM,8801643797003,,,,,,
1434,Samsung,Galaxy S10+ Dual SIM,8801643797157,,,,,,
1435,Samsung,Galaxy S10+ Dual SIM,8801643796969,,,,,,
1436,Samsung,Galaxy S10+ Dual SIM,8801643797089,,,,,,
1437,Samsung,Galaxy S10e Dual SIM,8801643692803,,,,,,
1438,Samsung,Galaxy S10e Dual SIM,8801643689773,,,,,,
1439,Samsung,Galaxy S10e Dual SIM,8801643692902,,,,,,
1440,Samsung,Galaxy S10e Dual SIM,8801643692834,,,,,,
1441,myPhone,Fun 8,5902983605898,,,,,,
1442,myPhone,Prime 3,5902983605744,,,,,,
1443,myPhone,Prime 3 Lite,5902983605751,,,,,,
1444,Nokia,9 PureView,2901541755191,,,,,,
1445,Nokia,3.2,6438409031389,,,,,,
1446,Nokia,210,6438409028563,,,,,,
1447,Nokia,210,6438409028570,,,,,,
1448,Alcatel,1S,4894461803821,,,,,,
1449,Alcatel,1S,4894461809731,,,,,,
1450,Alcatel,1S,4894461809748,,,,,,
1451,Alcatel,1S,4894461809755,,,,,,
1452,Alcatel,1S,4894461798325,,,,,,
1453,Sony,Xperia 1,7311271629177,,,,,,
1454,Sony,Xperia 1,7311271629177,,,,,,
1455,Sony,Xperia 10,7311271627999,,,,,,
1456,Sony,Xperia 10 Plus,7311271626763,,,,,,
1457,Sony,Xperia 10 Plus,7311271626787,,,,,,
1458,Alcatel,3 2019,4894461802244,,,,,,
1459,Alcatel,3 2019,4894461802251,,,,,,
1460,Alcatel,1 2019,4894461816920,,,,,,
1461,Alcatel,1 2019,4894461816913,,,,,,
1462,MaxCom,Strong MM917,5908235974545,,,,,,
1463,Huawei,Mate 20 Dual SIM,6901443262564,,,,,,
1464,Huawei,Mate 20 Dual SIM,6901443262557,,,,,,
1465,Huawei,Mate 20 Dual SIM,6901443262540,,,,,,
1466,Samsung,Galaxy A40 Dual SIM,8801643826413,,,,,,
1467,Samsung,Galaxy A40 Dual SIM,8801643826352,,,,,,
1468,Samsung,Galaxy A40 Dual SIM,8801643826185,,,,,,
1469,Samsung,Galaxy A40 Dual SIM,8801643826291,,,,,,
1470,Huawei,P30,6901443284597,,,,,,
1471,Huawei,P30,6901443284603,,,,,,
1472,Huawei,P30,6901443284610,,,,,,
1473,Huawei,P30 Pro,6901443292523,,,,,,
1474,Huawei,P30 Pro,6901443284672,,,,,,
1475,Huawei,P30 Pro,6901443284658,,,,,,
1476,Huawei,P30 Pro,6901443292530,,,,,,
1477,Huawei,P30 Pro,6901443284665,,,,,,
1478,Huawei,P30 Pro,6901443292578,,,,,,
1479,Huawei,P30 Pro,6901443292561,,,,,,
1480,Huawei,P30 Pro,6901443292554,,,,,,
1481,Huawei,P30 Pro,6901443346547,,,,,,
1482,Samsung,Galaxy A70,8801643829766,,,,,,
1483,Samsung,Galaxy A70,8801643830052,,,,,,
1484,Samsung,Galaxy A70,8801643829636,,,,,,
1485,Samsung,Galaxy A70,8801643830137,,,,,,
1486,Huawei,P30 Lite,6901443285662,,,,,,
1487,Huawei,P30 Lite,6901443285655,,,,,,
1488,Huawei,P30 Lite,6901443285648,,,,,,
1489,Honor,8A,6901443281596,,,,,,
1490,Honor,8A,6901443281602,,,,,,
1491,Honor,8A,6901443281619,,,,,,
1492,Samsung,Galaxy A50 Dual SIM,8801643757182,,,,,,
1493,Samsung,Galaxy A50 Dual SIM,8801643757021,,,,,,
1494,Samsung,Galaxy A50 Dual SIM,8801643757038,,,,,,
1495,Samsung,Galaxy A50 Dual SIM,8801643815820,,,,,,
1496,Hisense,Infinity F27,6941785712358,,,,,,
1497,Archos,Core 62S,690590037649,,,,,,
1498,Oppo,A1k,6944284646599,,,,,,
1499,Oppo,A1k,6944284646605,,,,,,
1500,Redmi,7,6941059620174,,,,,,
1501,Redmi,7,6941059620143,,,,,,
1502,Redmi,7,6941059620167,,,,,,
1503,Redmi,7,6941059620150,,,,,,
1504,Ulefone,Armor 6E,6937748733072,,,,,,
1505,Ulefone,Armor 6E,6937748733089,,,,,,
1506,Doogee,X90,6924351676407,,,,,,
1507,Doogee,X90,6924351676414,,,,,,
1508,Doogee,X90L,6924351678517,,,,,,
1509,Doogee,X90L,6924351678524,,,,,,
1510,Doogee,X90L,6924351678500,,,,,,
1511,Huawei,P Smart Z,6901443319749,,,,,,
1512,Huawei,P Smart Z,6901443303199,,,,,,
1513,Huawei,P Smart Z,6901443303182,,,,,,
1514,Honor,20 Lite,6901443290949,,,,,,
1515,Honor,20 Lite,6901443290925,,,,,,
1516,Honor,20 Lite,6901443290932,,,,,,
1517,OnePlus,7,6921815607922,,,,,,
1518,OnePlus,7 Pro,6921815607373,,,,,,
1519,OnePlus,7 Pro,6921815607380,,,,,,
1520,OnePlus,7 Pro,6921815607397,,,,,,
1521,OnePlus,7 Pro,6921815607403,,,,,,
1522,Motorola,One Vision Dual SIM,723755134386,,,,,,
1523,Motorola,One Vision Dual SIM,723755134409,,,,,,
1524,Asus,ZenFone 6 ZS630KL,4718017315074,,,,,,
1525,Honor,20 Pro,6901443301478,,,,,,
1526,Honor,20 Pro,6901443301461,,,,,,
1527,Honor,20,6901443301454,,,,,,
1528,Honor,20,6901443301447,,,,,,
1529,Samsung,Galaxy A20e Dual SIM,8801643887575,,,,,,
1530,Samsung,Galaxy A20e Dual SIM,8801643887568,,,,,,
1531,Samsung,Galaxy A20e Dual SIM,8801643887599,,,,,,
1532,Samsung,Galaxy A20e Dual SIM,8801643887582,,,,,,
1533,Samsung,Galaxy A80 Dual SIM,8801643977511,,,,,,
1534,Samsung,Galaxy A80 Dual SIM,8801643977481,,,,,,
1535,Samsung,Galaxy A80 Dual SIM,8801643977542,,,,,,
1536,Redmi,7A,6941059625957,,,,,,
1537,Redmi,7A,6941059625926,,,,,,
1538,Redmi,7A,6941059625933,,,,,,
1539,Redmi,7A,6941059625940,,,,,,
1540,Redmi,7A,6941059626879,,,,,,
1541,Doogee,X100,6924351690519,,,,,,
1542,Doogee,X100,6924351690502,,,,,,
1543,Samsung,Galaxy A10 Dual SIM,8801643996529,,,,,,
1544,Samsung,Galaxy A10 Dual SIM,8801643996499,,,,,,
1545,Nokia,2.2,6438409034267,,,,,,
1546,TP-Link,Neffos C7s,6935364087920,,,,,,
1547,Samsung,Galaxy XCover 4S Dual SIM,8801643995379,,,,,,
1548,HTC,Desire 19+,4718487714803,,,,,,
1549,Xiaomi,Mi 9T,6941059624646,,,,,,
1550,Xiaomi,Mi 9T,6941059624639,,,,,,
1551,Xiaomi,Mi 9T,6941059626893,,,,,,
1552,Xiaomi,Mi 9T,6941059624950,,,,,,
1553,Xiaomi,Mi 9T,6941059624622,,,,,,
1554,Xiaomi,Mi 9T,6941059624615,,,,,,
1555,TP-Link,Neffos X20,6935364087678,,,,,,
1556,TP-Link,Neffos X20 Pro,6935364087739,,,,,,
1557,LG,G8S ThinQ Dual SIM,8806087037746,,,,,,
1558,LG,G8S ThinQ Dual SIM,8806087037968,,,,,,
1559,Kruger&Matz,Move 2,5901436808299,,,,,,
1560,NOA,N3,3858892620588,,,,,,
1561,NOA,N3,3858892620595,,,,,,
1562,myPhone,Pocket Pro,5902983607182,,,,,,
1563,Xiaomi,Mi A3,6941059626336,,,,,,
1564,Xiaomi,Mi A3,6941059626343,,,,,,
1565,Xiaomi,Mi A3,6941059626329,,,,,,
1566,Xiaomi,Mi A3,6941059626312,,,,,,
1567,Xiaomi,Mi A3,6941059626305,,,,,,
1568,Xiaomi,Mi A3,6941059626299,,,,,,
1569,myPhone,Maestro+,5902983605911,,,,,,
1570,myPhone,City 2,5902983606017,,,,,,
1571,TP-Link,Neffos C9 Max,6935364087630,,,,,,
1572,TP-Link,Neffos C9 Max,6935364087654,,,,,,
1573,Sencor,Element P004,8590669198122,,,,,,
1574,Samsung,Galaxy Note 10,8806090035852,,,,,,
1575,Samsung,Galaxy Note 10,8806090158674,,,,,,
1576,Samsung,Galaxy Note 10,8806090036026,,,,,,
1577,Samsung,Galaxy Note 10+,8806090033636,,,,,,
1578,Samsung,Galaxy Note 10+,8806090147326,,,,,,
1579,Samsung,Galaxy Note 10+,8806090033490,,,,,,
1580,Samsung,Galaxy Note 10+,8806090147456,,,,,,
1581,Xiaomi,Mi 9T Pro,6941059629474,,,,,,
1582,Xiaomi,Mi 9T Pro,6941059628255,,,,,,
1583,Xiaomi,Mi 9T Pro,6941059628231,,,,,,
1584,Motorola,One Action Dual SIM,723755135154,,,,,,
1585,Motorola,One Action Dual SIM,723755135161,,,,,,
1586,Oppo,Reno 2,6944284649392,,,,,,
1587,Oppo,Reno 2,6944284649408,,,,,,
1588,Samsung,Galaxy A30s Dual SIM,8806090158506,,,,,,
1589,Samsung,Galaxy A30s Dual SIM,8806090158414,,,,,,
1590,Samsung,Galaxy A30s Dual SIM,8806090158360,,,,,,
1591,Oppo,Reno 2Z,6944284649002,,,,,,
1592,Oppo,Reno 2Z,6944284648999,,,,,,
1593,Redmi,Note 8 Pro,6941059634638,,,,,,
1594,Redmi,Note 8 Pro,6941059629641,,,,,,
1595,Redmi,Note 8 Pro,6941059634645,,,,,,
1596,Redmi,Note 8 Pro,6941059629658,,,,,,
1597,myPhone,Prime 4 Lite,5902983606970,,,,,,
1598,Nokia,7.2,6438409037121,,,,,,
1599,Nokia,7.2,6438409037107,,,,,,
1600,Nokia,800 Tough,6438409039590,,,,,,
1601,Nokia,800 Tough,6438409040923,,,,,,
1602,Sony,Xperia 5,7311271630678,,,,,,
1603,Sony,Xperia 5,7311271630654,,,,,,
1604,Motorola,One Zoom,723755135147,,,,,,
1605,Motorola,Moto E6 Plus,723755136915,,,,,,
1606,Motorola,Moto E6 Plus,723755136823,,,,,,
1607,Oppo,A9 2020,6944284649835,,,,,,
1608,Oppo,A9 2020,6944284649842,,,,,,
1609,Ulefone,Armor 3W,6937748733317,,,,,,
1610,Ulefone,Armor 3W,6937748733324,,,,,,
1611,Ulefone,Armor 3WT,6937748733294,,,,,,
1612,Ulefone,Armor 3WT,6937748733300,,,,,,
1613,Apple,iPhone 11,190199227033,,,,,,
1614,Apple,iPhone 11,190199222960,,,,,,
1615,Apple,iPhone 11,190199225923,,,,,,
1616,Apple,iPhone 11,190199225183,,,,,,
1617,Apple,iPhone 11,190199221116,,,,,,
1618,Apple,iPhone 11,190199227408,,,,,,
1619,Apple,iPhone 11,190199226296,,,,,,
1620,Apple,iPhone 11,190199226661,,,,,,
1621,Apple,iPhone 11,190199225558,,,,,,
1622,Apple,iPhone 11,190199224810,,,,,,
1623,Apple,iPhone 11,190199223332,,,,,,
1624,Apple,iPhone 11 Pro,190199390331,,,,,,
1625,Apple,iPhone 11 Pro,190199392038,,,,,,
1626,Apple,iPhone 11 Pro,190199391697,,,,,,
1627,Apple,iPhone 11 Pro,190199390676,,,,,,
1628,Apple,iPhone 11 Pro,190199392373,,,,,,
1629,Apple,iPhone 11 Pro,190199391352,,,,,,
1630,Apple,iPhone 11 Pro,190199391017,,,,,,
1631,Apple,iPhone 11 Pro,190199389991,,,,,,
1632,Apple,iPhone 11 Pro,190199389656,,,,,,
1633,Apple,iPhone 11 Pro,190199388970,,,,,,
1634,Apple,iPhone 11 Pro,190199388635,,,,,,
1635,Apple,iPhone 11 Pro Max,190199383357,,,,,,
1636,Apple,iPhone 11 Pro Max,190199381131,,,,,,
1637,Apple,iPhone 11 Pro Max,190199381506,,,,,,
1638,Apple,iPhone 11 Pro Max,190199382244,,,,,,
1639,Apple,iPhone 11 Pro Max,190199381872,,,,,,
1640,Apple,iPhone 11 Pro Max,190199382619,,,,,,
1641,Apple,iPhone 11 Pro Max,190199383722,,,,,,
1642,Apple,iPhone 11 Pro Max,190199384095,,,,,,
1643,Apple,iPhone 11 Pro Max,190199385207,,,,,,
1644,Oppo,A5 2020,6944284647862,,,,,,
1645,Oppo,A5 2020,6944284647855,,,,,,
1646,Redmi,Note 7,6941059627531,,,,,,
1647,Redmi,8A,6941059630593,,,,,,
1648,Ulefone,Armor Flip,6937748733096,,,,,,
1649,Ulefone,Power 6,6937748733201,,,,,,
1650,Ulefone,Power 6,6937748733119,,,,,,
1651,Ulefone,Power 6,6937748733133,,,,,,
1652,Redmi,Note 8 Pro,6941059629665,,,,,,
1653,Redmi,Note 8 Pro,6941059634621,,,,,,
1654,Motorola,Moto E5 Play,723755127005,,,,,,
1655,Huawei,Y5 2019,6901443297382,,,,,,
1656,Huawei,Y5 2019,6901443297368,,,,,,
1657,Meizu,Note8,6937520051059,,,,,,
1658,Xiaomi,Mi 9T Pro,6941059628248,,,,,,
1659,Apple,iPhone 11,190199223707,,,,,,
1660,Apple,iPhone 11,190199222229,,,,,,
1661,Apple,iPhone 11,190199221482,,,,,,
1662,Apple,iPhone 11 Pro Max,190199384835,,,,,,
1663,Apple,iPhone 11 Pro Max,190199382985,,,,,,
1664,Oppo,Reno Z,6944284645141,,,,,,
1665,Doogee,S60 Lite,5901801903536,,,,,,
1666,Doogee,S55,5901801903604,,,,,,
1667,Doogee,S55,5901801903611,,,,,,
1668,Doogee,S80,5901801903970,,,,,,
1669,Nokia,3.1 Plus,6438409025807,,,,,,
1670,Doogee,Y7,6924351675004,,,,,,
1671,Doogee,S90,6924351690106,,,,,,
1672,Doogee,S90,6924351674205,,,,,,
1673,Doogee,S90,6924351673215,,,,,,
1674,Doogee,S90,6924351673208,,,,,,
1675,Doogee,S90,5901801902461,,,,,,
1676,Doogee,X90,6924351676421,,,,,,
1677,Doogee,X100,6924351690526,,,,,,
1678,Doogee,S40,6924351694715,,,,,,
1679,Nokia,2720 Flip,6438409037299,,,,,,
1680,Nokia,7.2,6438409037114,,,,,,
1681,Nokia,6.2,6438409037756,,,,,,
1682,Apple,iPhone 8 Plus,2900711336437,,,,,,
1683,Apple,iPhone 11 Pro Max,190199384460,,,,,,
1684,Apple,iPhone 11 Pro,190199389311,,,,,,
1685,Apple,iPhone 11,190199221857,,,,,,
1686,Apple,iPhone 11,190199222595,,,,,,
1687,TP-Link,Neffos X20 Pro,6935364087753,,,,,,
1688,Doogee,S40,6924351694708,,,,,,
1689,Oppo,Reno 10x Zoom,6944284642591,,,,,,
1690,Nokia,4.2,6438409029744,,,,,,
1691,Honor,8 Dual SIM,6901443133215,,,,,,
1692,Apple,iPhone 11,190199224070,,,,,,
1693,Apple,iPhone 8,190199292765,,,,,,
1694,Nokia,6.2,6438409037749,,,,,,
1695,Huawei,Mate 10 Pro Dual SIM,6901443199075,,,,,,
1696,Huawei,P Smart Dual SIM,6901443211975,,,,,,
1697,MaxCom,Smart MS571 LTE Strong,5908235974620,,,,,,
1698,Doogee,S90,5901801902478,,,,,,
1699,Apple,iPhone 11,190199224445,,,,,,
1700,Xiaomi,Mi 9 SE,6941059622499,,,,,,
1701,ZTE,Axon 10 Pro,6902176039652,,,,,,
1702,ZTE,Blade A5 2019,6902176039591,,,,,,
1703,ZTE,Blade V10 Vita,6902176039607,,,,,,
1704,Huawei,Nova 5T,6901443346097,,,,,,
1705,Asus,ROG Phone II,4718017421188,,,,,,
1706,MaxCom,MM721,5908235973616,,,,,,
1707,Oppo,Reno 10x Zoom,6944284642607,,,,,,
1708,Redmi,8A,6941059630586,,,,,,
1709,Redmi,8A,6941059630609,,,,,,
1710,Redmi,7,6941059620198,,,,,,
1711,Xiaomi,Mi 9 SE,6941059622345,,,,,,
1712,OnePlus,7,6921815607915,,,,,,
1713,Asus,ZenFone 6 ZS630KL,4718017441612,,,,,,
1714,Sony,Xperia 5,7311271630661,,,,,,
1715,Sony,Xperia 5,7311271630685,,,,,,
1716,Asus,ZenFone 6 ZS630KL,4718017315067,,,,,,
1717,Sony,Xperia 10,7311271627982,,,,,,
1718,Meizu,V8 Pro,6937520050748,,,,,,
1719,Oppo,AX7,6944284635173,,,,,,
1720,Apple,iPhone 8 Plus,190199293908,,,,,,
1721,TP-Link,Neffos C7s,6935364087982,,,,,,
1722,Huawei,Nova 5T,6901443346110,,,,,,
1723,Nokia,105 2019 Dual SIM,6438409035790,,,,,,
1724,TP-Link,Neffos C9s,6935364087586,,,,,,
1725,Nokia,2.1 Dual SIM,6438409019011,1GB,8GB,2,Niebieski-miedziany,https://www.mgsm.pl/pl/katalog/nokia/2.1dualsim/,https://www.euro.com.pl/telefony-komorkowe/nokia-2-1-niebieski-miedziany.bhtml#opis